User,Date,Content,Hashtags,Mentions,Views,Likes,Retweets,Replies
Really American,2025-02-13T19:22:12.000Z,"BREAKING: Donald Trump just announced reciprocal taxes on countries imposing taxes on the United States, thereby ensuring while over 60% of Americans feel he's not doing enough to lower prices, prices will go up more.  Trump has no idea what he's doing. From  Ed Krassenstein",,@ReallyAmerican1,29000,1400,543,128
DogeDesigner,2025-02-13T18:44:36.000Z,BREAKING: ğ• added a new like animation for the #ValentinesDay From  PopX,#ValentinesDay,@cb_doge,54000,2500,225,282
xxx bokep,2025-02-13T19:53:43.000Z,Terbaru!! Bulan Sutena 1 Menit 14 Detik bulan Sutena http://americanvideo11.blogspot.com  Yang lagi viral guru dan murid di Grobogan http://americanvideo11.blogspot.com  bulan sutena yang viral 8 menit.... http://americanvideo11.blogspot.com  Guru agama dan murid yang lgi viral Show more,,@CarolinaDynasty,1900,101,8,92
Matt Van Swol,2025-02-13T16:42:31.000Z,#BREAKING: The state of TN has just ELIMINATED property taxes for victims of Hurricane Helene:    â€œAny family's home that was affected by the flood will be FULLY REFUNDED for property taxes for the year of 2024...  ...and will be given an EXTRA 30% on top of it  AMAZING!!!!,#BREAKING,@matt_vanswol,330000,35000,7600,904
MJTruthUltra,2025-02-13T20:00:40.000Z,"BREAKING: President Trump says Canada is a very good Contender to Become the 51st State of America   â€œWhy would we pay $200 billion in subsidies to Canada when theyâ€™re not a state?   You do that for a state, but you donâ€™t do that for another country. So I think Canada is going to Show more",,@MJTruthUltra,3200,114,28,12
Nick Sortor,2025-02-13T19:19:13.000Z,#BREAKING: DOGE officials have just entered the IRS building in DC to begin their investigation into the agency  This comes after ğ• users OVERWHELMINGLY voted for DOGE to dig into the IRS just days ago.  WE THE PEOPLE are in charge of our government again!  What issues will DOGE investigate? Who leads the DOGE team?,#BREAKING,@nicksortor,103000,14000,4000,610
MAGA Voice,2025-02-13T19:26:24.000Z,BREAKING  D.O.G.E. officials have entered the IRS building in DC to start their Audit of the IRS   â€˜We The Peopleâ€™ are taking back our Government one agency at a time   I VOTED FOR THIS  0:33,,@MAGAVoice,27000,3600,765,158
George,2025-02-13T20:02:05.000Z,"BREAKING: RFK Jr. just got sworn in as Secretary of the Department of Health & Human Services.  Mr. Secretary, We The People consent to whatever you do to dismantle the Big Pharma & Big Ag cartel. From  Margo Martin",,@BehizyTweets,1600,189,35,6
Mario Nawfal,2025-02-13T20:05:21.000Z,BREAKING: RFK JR HAS OFFICIALLY BEEN SWORN IT AS HHS DIRECTOR! From  Margo Martin Quote Mario Nawfal @MarioNawfal Â· 3h MAHA WINS: MAKE AMERICA HEALTHY AGAIN | WHAT IT MEANS FOR THE U.S.  The Trump administration is rolling out MAHA (Make America Healthy Again)â€”a historic shake-up of U.S. healthcare under HHS Secretary RFK Jr.  MAHA will be:  -Cracking down on Big Pharmaâ€™s corruption -Banning,,"@MarioNawfal, @MarioNawfal",42,32,5,4
Jd Vance Commentary,2025-02-13T14:08:20.000Z,Smash the HEART BUTTON  if you genuinely support Elon Musk to lead the D.O.G.E (Department of Government Efficiency)!,,@JDVanceNews_,46000,6700,244,390
JD Vance News,2025-02-13T17:02:11.000Z,"Out of the 10k+  MAGA followers I have on this account meant for NEWS, I often wonder how many of you are real.  Give me a THUMBS-UP  if you see this!",,@JDVanceNew,25000,1500,155,950
JackTheRippler,2025-02-13T19:56:55.000Z,BREAKING:  @Ripple 's stablecoin $RLUSD passes $100M by volume! #XRP,#XRP,"@RippleXrpie, @Ripple",4200,174,23,13
Ed Krassenstein,2025-02-13T19:00:44.000Z,"BREAKING:  Trump just announced reciprocal tariffs on countries.    He will charge other countries the same tariffs on their imports into the US that they charge on US imports into their countries.  In other words, expect prices to go up. 0:34",,@EdKrassen,26000,474,153,175
Really American,2025-02-13T15:43:20.000Z,"BREAKING: Rep. Greg Casar just exposed how much money Elon Musk makes every day on Govenrnment handouts, and it is shocking. Weâ€™ve found the real government waste. Make sure everyone sees this. From  Bill Madden",,@ReallyAmerican1,49000,2800,1700,113
MAGA Voice,2025-02-13T20:04:40.000Z,BREAKING  ITS OFFICIAL Robert F Kennedy Jr has been sworn in as Secretary of HHS. WE WON  This was the official moment the Democrat Party collapsed for good. We are back  From  Margo Martin,,@MAGAVoice,317,76,15,6
Charlie Kirk,2025-02-13T20:00:14.000Z,BREAKING: Robert F. Kennedy Jr. has been officially sworn in as the new HHS Secretary as President Trump looks on from inside the Oval Office.  A truly historic day!!!  Letâ€™s make America healthy again. @MargoMartin47 From  Margo Martin,,"@charliekirk11, @MargoMartin47",24000,3000,369,127
DOGE NEWS- Department of Government Efficiency,2025-02-13T19:25:41.000Z,DOGE Clock goes over $90 BILLION,,@realdogeusa,8800,655,188,33
Nicholas Veniamin,2025-02-13T13:07:02.000Z,BREAKING: Elon Musk says he supports ending all Property Taxes in America.   LETS GO!!!,,@NickVeniamin,87000,13000,1900,282
Donald J. Trump (Daily News),2025-02-13T12:03:29.000Z,"BREAKING: Should we abolish the IRS and go with a flat tax system?   A. Yes, flat tax now  B. No, keep the IRS but lower taxes",,@TrumpRealDaily,54000,2200,314,1400
Deejay,2025-02-13T18:20:07.000Z,This woman is going viral for her looks after reports of her deportation surfaced!,,@DJCapital90,60000,573,214,257
Globe Eye News,2025-02-13T14:09:38.000Z,74% of Europeans donâ€™t want to visit Israel.,,@GlobeEyeNews,211000,12000,1200,613
Philip Dwyer,2025-02-13T18:15:07.000Z,Two month suspended sentence and â‚¬500.00 fine for covering the news. Here's the footage. This is the Irish criminal Justice system 2025.,,@PhilipDwyer_MOI,8600,386,150,68
El gato polÃ­tico,2025-02-13T19:45:41.000Z,"Â¿Ã‘o que Ã±o? Exjefe de operaciones de la DEA echa abajo las mentiras de Donald Trump y asegura que son ciudadanos estadounidenses los que meten ""el producto"" a su paÃ­s. Y encima pasa por las garitas frente a todos.    https://wp.me/pbiqPq-pec",,@elgatopolitico_,624,101,72,5
Jibran Ilyas,2025-02-13T19:07:15.000Z,Breaking News Continues Today:  @RepJoeWilson  is drafting the PAKISTAN DEMOCRACY ACT to ban from the USA those in the Pakistan military govt responsible for the wrongful persecution and imprisonment of Imran Khan.   Keep raising voice for human rights!   #NationWantsKhanFree,#NationWantsKhanFree,"@agentjay2009, @RepJoeWilson",5500,1200,554,15
Matt Van Swol,2025-02-13T13:37:44.000Z,#BREAKING: The U.S. Army Corps of Engineers confirms it has FULLY REMOVED 50% of ALL debris from the right-of-ways in Western North Carolina.  They estimate that 100% of all debris in the right-of-ways will be removed by April 1st.  WOW!!!!!!!,#BREAKING,@matt_vanswol,224000,22000,4700,625
Gentile News Networkâ„¢,2025-02-13T19:48:11.000Z,"Here is Nelson Mandela singing ""Kill the Whites"" in South Africa.   This was always the plan, and the media portrayed him as a hero. From  Jean",,@Gentilenewsnet,4500,322,69,36
Mel Gibson - Exposing the Elites Commentary,2025-02-13T15:23:11.000Z,BREAKING: Do you support an investigation into Elizabeth Warrenâ€™s multi-million dollar net worth?  Make your voice heard:   YES or NO?,,@MelGibsonQ,24000,2500,413,1100
Breaking911,2025-02-13T19:04:17.000Z,absolutely criminal.,,@Breaking911,57000,1600,667,99
Benny Johnson,2025-02-13T20:02:24.000Z,BREAKING: RRK Jr. has officially been sworn in as Secretary of Health and Human Services. From  Margo Martin,,@bennyjohnson,13000,1300,183,75
Gentile News Networkâ„¢,2025-02-13T17:34:36.000Z,Me when I enter a Chinese restaurant,,@Gentilenewsnet,36000,1800,190,51
Vivid.,2025-02-13T16:16:00.000Z,"BREAKING: Hamas just fired a rocket towards Israel, violating the ceasefire agreement once again. The rocket fell inside Gaza.  The Israeli Air Force is heavily bombing the central Gaza Strip in response. From  Open Source Intel",,@VividProwess,107000,6400,1500,379
Wall Street Apes,2025-02-13T16:10:13.000Z,Omg I canâ€™t believe this is real  Democrat Rep Melanie Stansbury is telling the news cameras that DOGE has hacked the system at The EPA and that Americans are going to have to start boiling their water  HOW IS THIS REAL???  'I don't think there is anyone in America that wants to Show more 1:37,,@WallStreetApes,211000,9300,3800,3100
Wall Street Apes,2025-02-13T17:37:15.000Z,The Number 1 Trending Hashtag on X right now is #MAHA  Thatâ€™s because Robert F. Kennedy Jr has been CONFIRMED as Secretary of Health & Human Services   What comes next? RFK Jr created a website where YOU can actually influence policy change @realfoodology  explains RFK Jr just Show more,#MAHA,"@WallStreetApes, @realfoodology",35000,1600,544,56
AG Todd Rokita,2025-02-13T16:23:41.000Z,"BREAKING: We have just sent letters to IPS and IMPD advising them to discontinue policies and practices that limit their ability to cooperate with federal immigration authorities, or else face legal action.  The enforcement of our immigration laws is a priority for Hoosiers, Show more",,@AGToddRokita,5200,455,117,50
fromm store,2025-02-13T15:01:00.000Z,[#ONEW] 2025 ONEW CONCERT [ONEW THE LIVE : CONNECTION] IN USA  BREAKING NEWS!  ONTHELA is going to the U.S. soonâ€”are you ready to connect?   Stay tuned for more details!   #ì˜¨ìœ  #ONEWTHELIVE Show more,"#ONEW, #ì˜¨ìœ , #ONEWTHELIVE",@fromm_store,46000,1500,780,63
TaraBull,2025-02-13T19:30:18.000Z,BREAKING: DOGE has reportedly entered the IRS building.   What do you expect they'll find?,,@TaraBull808,26000,1900,335,347
CALL TO ACTIVISM,2025-02-13T17:07:41.000Z,BREAKING NEWS:  Al Frankenâ€™s old Senate Seat will be OPEN in 2026!  Who else agrees he should run again?,,@CalltoActivism,89000,7800,1300,646
Jon Stokes,2025-02-13T15:12:11.000Z,"This is going viral on the left side of my feed, and it's just a completely alternate universe where the #1 rule is to not actually believe what people are telling you every time they open their mouths, but rather to make up cartoon supervillain motives & believe that instead.",#1,@jonst0kes,44000,631,50,39
Gentile News Networkâ„¢,2025-02-13T18:00:41.000Z,They aren't exactly hiding their intentions,,@Gentilenewsnet,21000,1700,276,58
NIUS,2025-02-13T18:57:39.000Z,Nach dem Terroranschlag eines Afghanen in MÃ¼nchen wurden NIUS-Journalisten bei Dreharbeiten angegriffen. https://nius.de/news/nach-muenchen-terror-greifen-antifa-chaoten-die-nius-reporter-an/6b018140-1411-4c96-8d17-298defe5d931â€¦,,@niusde_,40000,2200,583,242
sosyal medyada viral oldu,2025-02-13T19:48:39.000Z,Bu ikisinden birisi yalan sÃ¶ylÃ¼yor..,,@ViralSosyal,3000,24,54,17
Occupy Democrats,2025-02-13T18:51:56.000Z,"BREAKING: Fox News host Jessica Tarlov enrages the network's millions of MAGA viewers by calling for immediate transparency from Elon Musk amidst his countless conflicts of interest.  Fox viewers HATE getting hit with cold hard facts...  ""But the real issue here is that heâ€™s Show more",,@OccupyDemocrats,8500,627,330,69
American AF,2025-02-13T19:32:46.000Z,BREAKING   Kanye West and Bianca Censori to get divorced.,,@iAnonPatriot,36000,178,24,120
Liam Nissanâ„¢,2025-02-13T16:17:17.000Z,BREAKING NEWS: DONALD TRUMP SURRENDERS TO VLADIMIR PUTIN,,@theliamnissan,66000,6300,924,209
Breanna Morello,2025-02-13T19:58:34.000Z,BREAKING  RFK Jr has officially been sworn in as HHS Secretary!,,@BreannaMorello,2500,322,63,23
Everton FC News,2025-02-13T16:03:13.000Z,Everything about this clip is just pure magic   Moyesâ€™s reaction,,@NilSatisNews,99000,2200,275,37
Antoine Tucker,2025-02-13T17:24:40.000Z,. @AyannaRep  is a dirty female . She is only talking reparations to deflect. Millions gone to illegals while Americans were homeless (many Black) the dog was viral yesterday because she couldnâ€™t answer a question about NC. Tonight on my podcast exposing.  #StopUsingBlackPeople 0:55,#StopUsingBlackPeople,"@montaga, @AyannaRep",21000,1100,420,63
Jack Poso,2025-02-13T19:01:49.000Z,BREAKING: TRUMP ENDS THE ERA OF EUROPE AS A PROTECTORATE OF AMERICA   WORLD WAR 3 IS COMING TO AN END  POSOBIEC LIVE IN UKRAINE Real America's Voice (RAV) @RealAmVoice HUMAN EVENTS DAILY WITH JACK POSOBIEC,,"@JackPosobiec, @RealAmVoice",251000,10000,2200,138
SPACE LIBERDADE î¨€,2025-02-13T17:02:33.000Z,"URGENTE - Marcos Vanucci, jornalista preso no dia 08, expÃµe toda a censura e abusos que o STF vem praticando no Brasil para o relator da OEA!   â€œEu sou o Ãºnico jornalista preso no dia 08 de Janeiro em pleno exercÃ­cio da minha atividade de repÃ³rterâ€",,@NewsLiberdade,89000,10000,2400,106
DOGE NEWS- Department of Government Efficiency,2025-02-13T19:19:19.000Z,BREAKING: One of the top DOGE staffers reportedly just entered the IRS to begin examining operations.,,@realdogeusa,27000,4200,755,219
Brian Krassenstein,2025-02-13T19:25:12.000Z,"BREAKING: Trump has announced the implementation of ""reciprocal tariffs"" around the globe.  NEWSFLASH:  We charge many countries substantially more in tariffs on many products than they charge us.  Trade War commences...   Examples:  - Dairy and Nuts - We often have tariffs that Show more",,@krassenstein,19000,135,49,97
SPACE LIBERDADE î¨€,2025-02-13T18:55:18.000Z,URGENTE - Trump anuncia tarifas recÃ­procas para outros paÃ­ses!   â€œEu vou cobrar uma tarifa recÃ­proca. Todo paÃ­s que cobrar tarifa dos EUA receberÃ¡ tarifas no mesmo valorâ€,,@NewsLiberdade,20000,2400,420,28
Jack,2025-02-13T18:22:30.000Z,"BREAKING: Bernie Sanders just said what President Trump is currently doing to the Department of Education is â€œauthoritarian and illegal.""  How?   it's corrupt and useless Bernie... just like you. From  American AF",,@jackunheard,4700,316,72,59
Resist the Mainstream,2025-02-13T20:02:42.000Z,BREAKING: RFK Jr is sworn in as HHS Secretary. 0:08,,@ResisttheMS,1900,152,17,3
The Babylon Bee,2025-02-13T17:52:41.000Z,Pope Francis Announces That God Agrees With Whatever It Is Democrats Want To Do Right Now https://buff.ly/4b0wWl8,,@TheBabylonBee,154000,8200,1200,311
MDN NEWS,2025-02-13T14:22:51.000Z,"Cassper Nyovest says that most people on Instagram are living fake lives. The expensive items they flaunt aren't theirs, and theyâ€™re struggling with installments.",,@MDNnewss,243000,2800,521,160
TheSonOfWalkley,2025-02-13T16:51:47.000Z,BREAKING: ELON MUSK RETWEETS POST FROM APPLE CEO  $TSLA  Tesla and Apple partnership ?,,@TheSonOfWalkley,123000,1600,123,157
One America News,2025-02-13T19:02:22.000Z,"President Donald Trump Says That A Lot Of Government Employees ""Work From Home"" But Don't Really Work Because They Have Second And Third Jobs.  #OAN #Breaking #Latest #POTUS #DOGE #ElonMusk","#OAN, #Breaking, #Latest, #POTUS, #DOGE, #ElonMusk",@OANN,19000,465,83,21
Vivek Ramaswamy Commentary,2025-02-13T15:25:24.000Z,"Are you ready for President Trump & D.O.G.E to expose the organizations and people who stole billions from We the People?   YES or NO?  IF YES, GIVE ME A THUMBS UP",,@VivekNewsX,43000,4400,752,2500
Sky News,2025-02-13T19:40:37.000Z,Watch the moment a whale swallows a kayaker whole in Chile   More videos  https://news.sky.com/videos,,@SkyNews,43000,163,66,19
CALL TO ACTIVISM,2025-02-13T16:49:47.000Z,BREAKING NEWS:  RFK Jr. has been confirmed.   Watch this and tell me how any sane person would ever want this man in charge of our heath. From  CALL TO ACTIVISM,,@CalltoActivism,124000,2400,961,588
Crypto Rover,2025-02-13T18:59:55.000Z,BREAKING: TRUMP SAYS THAT INTEREST RATES WILL BE GOING DOWN.  BULLISH FOR #BITCOIN!  What's the Fed's stance? How will rates affect Bitcoin?,#BITCOIN,@rovercrc,102000,1200,169,265
ğ—¡ğ—¶ğ—¼ğ—µ ğ—•ğ—²ğ—¿ğ—´ â™› âœ¡ï¸,2025-02-13T13:25:19.000Z,"BREAKING:  Iran's King in Exile has been disinvited from the Munich Security Conference AGAIN.   He was previously reinstated after the German FM blocked him once before.  His statement: ""This is a betrayal of both the Iranian people and Germany's values.""",,@NiohBerg,49000,5700,1800,305
Sharron Davies MBE,2025-02-13T19:56:45.000Z,"I find it so insulting the word woman is used in this context. Only males in law in the uk can commit rape. So please media be accurate â€¦ this is a trans identifying man who raped this poor young girl. Not any type of woman! Trans woman raped young girl, court told From telegraph.co.uk",,@sharrond62,2400,150,20,8
Shayan News,2025-02-13T15:05:19.000Z,"BREAKING: The Iranian community is outraged again after the Munich Security Conference disinvited King Reza Pahlavi ( @PahlaviReza ), Iranâ€™s exiled Shah and National Leader, for the second time, under pressure from the German governmentâ€”a move seen as appeasement of the Islamic Show more How does Iran sponsor terrorism? Who influences Berlin?",,"@ShayanNews, @PahlaviReza",2900,666,264,45
Fox News,2025-02-13T18:00:13.000Z,"'YOU MUSTY MOO, MOO, MOO!': Democrat lawmakers mocked online for unleashing bizarre rant at DOGE boss  @elonmusk  and President Trump, screaming vulgar, strange remarks during Capitol Hill protests. One congresswoman even declared, ""We have to f--- Trump!""",,"@FoxNews, @elonmusk",83000,330,121,355
SPACE LIBERDADE î¨€,2025-02-13T19:56:51.000Z,"URGENTE - Filho de Elon Musk diz para Trump, dentro do SalÃ£o Oval, que ele nÃ£o Ã© o presidente e precisa ir embora   â€œVocÃª nÃ£o Ã© o presidente e precisa ir embora (â€¦) Eu quero que vocÃª cale a bocaâ€",,@NewsLiberdade,4200,121,11,33
LifeNews.com,2025-02-13T15:33:04.000Z,Hitler killed Jews because he said they're not people.  Abortion kills babies because feminists think they're not people.,,@LifeNewsHQ,10000,1500,357,44
AP ~ 8,2025-02-13T15:04:53.000Z,BIG NEWS! [Initial Listing]  MyShell Token ($SHELL) is LIVE on MEXC!    Now trading in the MEXC Innovation Zone!   Lets join guys    SPOT : https://mexc.com/exchange/SHELL_USDTâ€¦   Futures : https://futures.mexc.com/exchange/SHELL_USDTâ€¦ Show more,,@A100888,15000,1200,77,264
"Corey A. DeAngelis, school choice evangelist",2025-02-13T15:24:27.000Z,"BREAKING: The Chair of the Texas House Democrats says school choice will ""defund our schools.""  He sends his kids to private school.  He went to private school.",,@DeAngelisCorey,13000,695,254,57
The Washington Post,2025-02-13T18:56:37.000Z,The Senate is on track to confirm President Donald Trumpâ€™s Cabinet at a pace not seen since 2001 at the start of the George W. Bush administration.  Live updates: https://wapo.st/411dH6r,,@washingtonpost,38000,162,41,21
Mila Joy,2025-02-13T15:08:46.000Z,"This is ILLEGAL.   AOC is breaking the law.  She is advising illegals how to evade ice.  Lock her up. AOC hosts webinar on how to evade ICE, has migrants sign DHS forms so her office can intervene From saraacarter.com",,@MilaLovesJoe,12000,2400,1000,97
NUCLR GOLF,2025-02-13T16:52:51.000Z,"#BREAKING 50 â€” YouTube golf stars Bryson DeChambeau, Grant Horvat and Garrett Clark fire a sizzling 48 to complete the â€˜Break 50â€™ challenge on Brysonâ€™s channel. The video has surpassed 1M views in under 24 hours   (Via:  @brysondech )  @BrysonLegion",#BREAKING,"@NUCLRGOLF, @brysondech, @BrysonLegion",316000,4800,125,105
Sky News,2025-02-13T19:55:53.000Z,"""I think our country is going to be flooded with jobs"".  President Donald Trump says jobs will go up ""tremendously"" in the US as he signs an executive order on reciprocal tariffs.  Read more: https://trib.al/RVTy6uA   Sky 501, Virgin 602, Freeview 233 and YouTube",,@SkyNews,9400,12,7,20
X America News,2025-02-13T19:55:16.000Z,"BREAKING NEWS! American/Ukrainian citizen whose company has a signed contract w/ Ukrainian district that holds massive lithium deposits being illegally detained by Zelinsky's government Quote Sherronna Bishop aka America's Mom @SherronnaBisho1 Â· 26m BREAKING: American Citizen Igor Trynos, who helped bring the Ukranian whistleblower to the forefront, is being denied leave of Ukraine. He fears he will be arrested shortly:   Dear friends  My name is Igor Trynos, and I am a U.S. citizen currently in Ukraine. For the past 24 Show more",,"@XAmericaNews, @SherronnaBisho1",1000,20,9,3
JensGanman,2025-02-13T15:16:26.000Z,Breaking frÃ¥n TV 4: â€PÃ¥ en inspelning frÃ¥n MÃ¼nchen kan man hÃ¶ra gÃ¤rningshennen ropa: â€Jag Ã¤lskar Europa!â€,,@JensGanman,22000,1900,237,77
In2ThinAir,2025-02-13T16:45:53.000Z,#BREAKING! RFK has been confirmed as health secretary!  NOW we avenge his uncle John F. Kennedy 1:24,#BREAKING,@In2ThinAir,8500,652,131,49
TUGO News,2025-02-13T15:09:22.000Z,"â€œNo me interesa lo que diga Milei, es un DELIRANTE que necesita TERAPIAâ€  JAJAJAJJAJA SII LALI SI",,@TugoNews,272000,20000,2300,131
Gunther Eaglemanâ„¢,2025-02-13T18:48:17.000Z,BREAKING: Trump just announced reciprocal tariffs!,,@GuntherEagleman,78000,4100,815,181
Bunaâ™¡,2025-02-13T15:04:09.000Z,"BIG NEWS! [Initial Listing]  MyShell Token ($SHELL) is LIVE on MEXC!  Now trading in the MEXC Innovation Zone!    SPOT : https://mexc.com/exchange/SHELL_USDTâ€¦  Futures : https://futures.mexc.com/exchange/SHELL_USDTâ€¦   Deposit & Trade to share 34,000 SHELL & 55,000 USDT! Show more",,@prctiu,9300,733,56,139
Awesome Jew,2025-02-13T19:26:59.000Z,"BREAKING: President Trump signed an executive order imposing sanctions on the International Criminal Court (ICC), confirmed by the U.S. Treasury. The ICCâ€™s chief prosecutor, Karim Khan, was added to the Specially Designated Nationals and Blocked Persons List. The order states Show more",,@JewsAreTheGOAT,3000,284,61,16
MAGA Voice,2025-02-13T17:14:56.000Z,BREAKING  JD Vance is leaving France to go to Germany  I love how JD Vance is normalizing bringing your children to work    This is beautiful,,@MAGAVoice,33000,4300,520,112
Oversight Committee,2025-02-13T17:45:17.000Z,BREAKING: Bill to Fast-Track President Trumpâ€™s Govâ€™t Reorg Plans  Chairman James Comer ( @RepJamesComer ) and Senator Mike Lee ( @SenMikeLee ) today introduced the Reorganizing Government Act of 2025. This bill ensures Congress takes an  or  vote on government-wide Show more,,"@GOPoversight, @RepJamesComer, @SenMikeLee",48000,1400,543,69
Kash Patel FBI Dir. Commentary,2025-02-13T15:27:08.000Z,BREAKING: Do YOU want Kash Patel and RFK Jr. CONFIRMED TODAY?  Smash the HEART  if your answer is YES!  Letâ€™s make our voices impossible to ignore!,,@KashPatelX,73000,8900,802,1300
Derrick Evans,2025-02-13T17:23:27.000Z,BREAKING: Congresswoman Nancy Mace (SC) is calling for Congressman Robert Garcia (CA) to be censured for going on CNN & calling for actual weapons to be used against Elon Musk.   Thank you  @NancyMace,,"@DerrickEvans4WV, @NancyMace",23000,2400,506,73
Tablesalt,2025-02-13T17:13:42.000Z,BREAKING: THE US REFUSES TO TAKE THE ANNEXATION OF CANADA OFF THE TABLE  Cant even believe this a real headline.   Welcome to 2025.,,@Tablesalt13,20000,549,101,115
Sky News,2025-02-13T20:05:16.000Z,"Donald Trump doubles down on his decision to call Putin before Zelenskyy stating ""we need to know if Russia wants to make a deal first.""  He adds that he had ""very good"" talks with both presidents.  https://trib.al/ykKkAKu   Sky 501, Virgin 602, Freeview 233 and YouTube",,@SkyNews,1300,3,2,2
End Wokeness,2025-02-13T19:28:19.000Z,BREAKING: Ilhan Omar is considering a run for the open MN Senate seat From  End Wokeness,,@EndWokeness,127000,1300,310,896
Fashion Press,2025-02-13T15:55:05.000Z,è‹±å›½ç™ºã€Œã‚­ãƒ£ã‚¹ ã‚­ãƒƒãƒ‰ã‚½ãƒ³ã€è¡¨å‚é“ã«æ—¥æœ¬å†ä¸Šé™¸ã€ãƒªãƒœãƒ³Ã—å°èŠ±æŸ„ã®é™å®šãƒãƒƒã‚°ã‚„ãƒãƒ¼ãƒãªã© - https://fashion-press.net/news/128874,,@fashionpressnet,124000,1800,417,2
Autism Capital,2025-02-13T17:24:20.000Z,BREAKING: First official HHS raid completed  Mr Medic,,@AutismCapital,60000,2200,159,131
Justin Amash,2025-02-13T17:00:50.000Z,"With a budget resolution and reconciliation bill in the news, hereâ€™s a short guide to understanding the numbers coming from Congress and the White House:  A â€œ$2 trillion cutâ€ is not a cut from current fiscal year spending. In fact, itâ€™s likely not a â€œcutâ€ at all. Itâ€™s an Show more",,@justinamash,24000,477,168,17
Keean Bexte,2025-02-13T19:37:08.000Z,BREAKING: Conservatives remain up by 19%.,,@TheRealKeean,4800,244,38,14
Leading Report,2025-02-13T16:17:06.000Z,BREAKING: Robert F. Kennedy Jr. has been confirmed as Secretary of Health and Human Services. How will anti-vaccine views affect policies?,,@LeadingReport,999000,51000,5200,770
Lord Bebo,2025-02-13T19:21:34.000Z,BREAKING: Jet owned by the US Air Force going to Moscow or to a close by airport!  -> More diplomacy is happening!  PS: First US Military jet to enter Russian airspace since 2022.,,@MyLordBebo,20000,868,242,18
Alex Jones,2025-02-13T19:01:29.000Z,"BREAKING! Trump Announces Reciprocal Tariffs! â€œWhatever Countries Charge The US, We Will Charge Them. No More, No Lessâ€: Alex Jones Is LIVE Covering This & MORE! TUNE IN! LIVE 712.1K views Alex Jones @RealAlexJones WATCH LIVE! In Just 23 Days, President Trump & His Team Have Completely Devastated The Corrupt Globalist System! Tune In For LIVE Coverage Of Trumpâ€™s Historic DOGE Press Conference Where He Will NAME NAMES Right Here On The Alex show! Watch & Share These H",,"@RealAlexJones, @RealAlexJones",194000,3500,666,162
Adam Schiff,2025-02-13T18:48:07.000Z,Positive news for CA.  @SenatorTimScott  and my bipartisan SBA Disaster Transparency Act passed the Small Business Committee this week.  It's the next step in ensuring disaster survivors â€“ in California and beyond â€“ have access to the SBA funding they need to recover and rebuild.,,"@SenAdamSchiff, @SenatorTimScott",18000,164,38,138
Officer Lew,2025-02-13T18:50:17.000Z,"BREAKING: Donald Trump shocks the global community with his announcement of Reciprocal Tariffs on all nations that impose them on the U.S., declaring that America will no longer tolerate being bullied. From  Margo Martin",,@officer_Lew,8900,676,125,32
LiveIranNews,2025-02-13T15:23:59.000Z,"Die erneute Entscheidung des deutschen AuÃŸenministeriums ( @germanydiplo ), die Stimme der Freiheit Irans â€“ die aus dem Mund von Schah Reza Pahlavi II zu hÃ¶ren ist â€“ aus der MÃ¼nchner Sicherheitskonferenz ( @MunSecConf ) zu verbannen, ist eine beschÃ¤mende Form der Show more",,"@IranNewsAgency0, @germanydiplo, @MunSecConf",6100,777,311,38
Ø§ØªØ§Ù‚ Ø®Ø¨Ø± Ù…Ù†ÙˆØªÙˆ,2025-02-13T17:16:34.000Z,Ø§Ù…ÛŒØ±Ø­Ø³ÛŒÙ† Ø§Ø¹ØªÙ…Ø§Ø¯ÛŒØŒ Ù…Ø´Ø§ÙˆØ± Ø³ÛŒØ§Ø³ÛŒ Ø´Ø§Ù‡Ø²Ø§Ø¯Ù‡ Ø±Ø¶Ø§ Ù¾Ù‡Ù„ÙˆÛŒ Ø¯Ø± Ú¯ÙØªÚ¯Ùˆ Ø¨Ø§ Ù…Ù†ÙˆØªÙˆØŒ Ù„ØºÙˆ Ø¯ÙˆØ¨Ø§Ø±Ù‡ Ø³Ø®Ù†Ø±Ø§Ù†ÛŒ Ø´Ø§Ù‡Ø²Ø§Ø¯Ù‡ Ø±Ø¶Ø§ Ù¾Ù‡Ù„ÙˆÛŒ Ø±Ø§ ØªÙˆØ³Ø· Ø¯ÙˆÙ„ØªÙ‡Ø§ÛŒ Ø§Ø±ÙˆÙ¾Ø§ÛŒÛŒ Ù†Ø´Ø§Ù†ÛŒ Ø§Ø² Ú¯Ø±ÙˆÚ¯Ø§Ù† Ú¯Ø±ÙØªÙ‡ Ø´Ø¯Ù† Ø§ÛŒÙ† Ø¯ÙˆÙ„ØªÙ‡Ø§ Ø¨Ù‡ ÙˆØ³ÛŒÙ„Ù‡ Ø¬Ù…Ù‡ÙˆØ±ÛŒ Ø§Ø³Ù„Ø§Ù…ÛŒ Ù…ÛŒâ€ŒØ¯Ø§Ù†Ø¯. Ø§Ùˆ Ù…ÛŒâ€ŒÚ¯ÙˆÛŒØ¯ Ú©Ù‡ Ø­Ù…Ø§ÛŒØª Ùˆ Ù…Ø­Ø¨ÙˆØ¨ÛŒØª Ø´Ø§Ù‡Ø²Ø§Ø¯Ù‡ Ùˆ Ù‚Ø¯Ø±ØªÛŒ Ú©Ù‡ Ø§Ø² Ù…Ø±Ø¯Ù… Ø§ÛŒØ±Ø§Ù† Ú¯Ø±ÙØªÙ‡ Ø§Ùˆ Ø±Ø§ Ø¨Ù‡ Ø®Ø·Ø±ÛŒ Show more,,@ManotoNews,14000,1700,561,114
James F. Love IV,2025-02-13T15:02:44.000Z,Breaking: @BBCBreaking  Reporting President Zelensky Rejects Any Peace Deal Negotiated by President Trump with Vladimir Putin.,,"@JamesFLoveIV, @BBCBreaking",102000,8500,1600,313
Breaking911,2025-02-13T19:13:00.000Z,"MCMAHON: ""It's not working. The Department of Education was set up in 1980 & since that time, we have spent almost almost a TRILLION dollars & we have watched our performance scores continue to go down."" 0:27",,@Breaking911,46000,1600,264,67
Breaking News,2025-02-13T19:55:18.000Z,President Trump's full statement on reciprocal tariffs.,,@TheNewsTrending,0,0,0,0
PBS News,2025-02-13T19:58:31.000Z,"Sen. Mitch McConnell of Kentucky was the lone Republican to vote against Robert F. Kennedy's confirmation for Health and Human Services secretary on Thursday.  Kennedy, an environmental attorney who has spread misinformation and falsehoods about vaccines and their safety, was Show more",,@NewsHour,1300,12,7,8
Palestinian News,2025-02-13T15:01:32.000Z,Reality of Satan Chosen People,,@drr_palestine,4000,319,124,56
ABS-CBN News,2025-02-13T13:28:47.000Z,"IF YOU LIKE ME, BLINK TWICE ARE YOU NAUGHTY OR NICE?   LSS yet, Blooms?  @BINI_ph  has dropped its newest single ""Blink Twice"" on Thursday night. (Screenshots from BINI Official/YouTube)  Watch the music video here: https://youtube.com/watch?v=PlySXiQDGsMâ€¦  #BINI  #BINI_BlinkTwice","#BINI, #BINI_BlinkTwice","@ABSCBNNews, @BINI_ph",50000,6400,1900,81
Vivek Ramaswamy Commentary,2025-02-13T17:15:31.000Z,"BREAKING: Donald Trump says: ""I trust Robert F. Kennedy Jr. to lead the fight for better health and to tackle corruption in the system.""  Do you trust him too?  If YES, I will follow you back!",,@VivekNewsX,13000,1300,203,328
Dr. Simon Goddek,2025-02-13T18:28:51.000Z,BREAKING: Bernie Sanders does exactly what youâ€™d expect from a socialist. 1:14 From  American AF,,@goddeketal,22000,418,59,91
Jeanine Pirro,2025-02-13T19:38:45.000Z,"Illegals must NEVER be prioritized over American citizens. If New York City wants to defy federal law and protect these people, then they should be prosecuted for breaking federal immigration laws. Trumpâ€™s America is no longer lawless as it was under Biden. We cannot support Show more",,@JudgeJeanine,25000,2700,557,146
Ivanka Trump News,2025-02-13T14:16:09.000Z,Do you support AG Pam Bondi prosecuting Adam Schiff for the Russiagate Hoax against Trump ?  YES or NO ?,,@IvankaNews_,40000,4900,723,1700
smol silly cat,2025-02-13T13:43:26.000Z,"Bad news, everyone",,@Catsillyness,64000,4400,493,6
Netflix France,2022-10-11T09:13:09.000Z,"Il y a 3 ans, le film El Camino, sequel de Breaking Bad, Ã©tait diffusÃ©.",,@NetflixFR,3300,205,56,3
Kash Patel FBI Dir. Commentary,2025-02-13T17:20:58.000Z,BREAKING: President Trump announces that Robert F. Kennedy Jr. will have the authority to investigate corruption in the health sector.  Do you support this move?  YES or NO?,,@KashPatelX,30000,3800,615,955
Sky News,2025-02-13T13:20:06.000Z,"BREAKING: Ukrainian President Volodymyr Zelenskyy says he will not accept agreements to end the war in Ukraine without Kyiv's input.  He adds that Trump calling Putin before him was 'unpleasant'.  https://trib.al/Rx0iR33   Sky 501, Virgin 602, Freeview 233 and YouTube",,@SkyNews,252000,3500,730,809
London & UK Street News,2025-02-13T18:47:47.000Z,Stabbing outside boots in Hammersmith eailer today.,,@CrimeLdn,29000,247,94,38
Breaking911,2025-02-13T19:54:42.000Z,"President Trump on his plan for FAIR and reciprocal trade: ""JOBS WILL GO UP TREMENDOUSLY!"" 0:34 From  Rapid Response 47",,@Breaking911,12000,186,33,8
Update NEWS,2025-02-13T14:55:43.000Z,BREAKING NEWS:  Alice Weidel called for immediate remigration after the attack by an Afghan asylum seeker in Munich. What is German remigration? Weidel's immigration policy?,,@UpdateNews724,63000,7000,1100,146
Leading Report,2025-02-13T20:06:46.000Z,BREAKING: Robert F. Kennedy Jr. officially sworn in as Secretary of Health and Human Services. From  Margo Martin,,@LeadingReport,339,88,20,5
Autism Capital,2025-02-13T18:55:28.000Z,BREAKING: President Trump announces RECIPROCAL TARIFFS From  Margo Martin,,@AutismCapital,43000,1100,94,80
bbno$,2025-02-13T16:29:21.000Z,1 million 2 days #23 trending!  u all ty,#23,@bbnomula,41000,5200,185,64
Breitbart News,2025-02-13T15:06:28.000Z,"Super cool footage of a volcanic eruption at Italy's Mount Etna, the highest Mediterranean island mountain From  ABC News",,@BreitbartNews,19000,201,37,25
New York Post,2025-02-13T19:00:47.000Z,Christian aid groups suffering after Trump freezes USAID funds â€” as Vatican charity warns millions will die from â€˜recklessâ€™ cuts https://trib.al/BJML4LR,,@nypost,56000,302,114,1000
JK Radio Updater,2024-09-12T04:34:19.000Z,We are trending  Keep trendin  YES OR NO IS COMING YES OR NO RADIO TAKEOVER #YesOrNoIsComing,#YesOrNoIsComing,@JKRadioUpdater,15000,559,310,198
Patrick Webb,2025-02-13T18:27:01.000Z,BREAKING: Senator Mike Lee calls for PBS and NPR to be defunded.,,@RealPatrickWebb,5000,721,86,22
Resist the Mainstream,2025-02-13T18:57:37.000Z,"BREAKING: President Trump announces reciprocal tariffs.   ""Meaning - whatever countries charge the United States of America, we will charge them. No more, no less. In other words - they charge us a tax/tariff, and we charge them the exact same tax/tariff.""",,@ResisttheMS,8400,293,66,18
Noa Tishby,2025-02-13T16:52:01.000Z,"Hamas terrorists fired a rocket at Israel that fell short and landed in Gaza, killing a Palestinian teen. This is another example of Hamas breaking the ceasefire and hostage release agreement.",,@noatishby,10000,416,74,15
Whales HQ,2025-02-13T15:29:58.000Z,BREAKING: #Jailstool ranks #1 in social activity among all cryptocurrencies on X.,"#Jailstool, #1",@WhalesHQ,23000,699,103,60
End Wokeness,2025-02-13T14:55:12.000Z,BREAKING: The ACLU partnering with a trans activist to sue DJT for recognizing biological reality on passports,,@EndWokeness,210000,2400,396,1200
Breitbart News,2025-02-13T17:08:40.000Z,"CLAIM: Rachel Maddow accused President Trump &  @ElonMusk  of â€œcorruptâ€ self-dealing to purchase $400M worth of armored Tesla vehicles through a State Dept contract.  FACT CHECK: False. The Biden administration orchestrated the armored EV contract, the State Dept has put the Show more",,"@BreitbartNews, @ElonMusk",69000,3300,1500,283
EAFC 25 News,2025-02-13T18:05:43.000Z,Future Stars Tel joins Futmas Jesus,,@FIFA22_INFO,137000,2800,15,44
Josh RR Jokien,2025-02-13T16:37:53.000Z,"BREAKING: as a result of new archeological evidence uncovered during expeditions to the depths of the Gulf, it has been renamed for the newly discovered ancient civilization that once existed there",,@joshcarlosjosh,22000,1000,102,10
Kash Patel FBI Dir. Commentary,2025-02-13T19:18:54.000Z,BREAKING: The US Senate has just CONFIRMED Brooke Rollins as President Trumpâ€™s Secretary of Agriculture!  GIVE ME A THUMBS-UP  FOR BROOKE ROLLINS.,,@KashPatelX,6500,577,61,109
Patrick Webb,2025-02-13T19:32:33.000Z,BREAKING: DOGE officials have just entered the Internal Revenue Service (IRS) building.,,@RealPatrickWebb,27000,2000,460,108
aka,2025-02-13T18:23:42.000Z,BREAKING: FEMA is being accused of illegally destroying records and deleting group chats.,,@akafaceUS,318000,5700,1300,391
MDN NEWS,2025-02-13T18:46:56.000Z,"Breaking news  24 killed in Limpopo crash  A tragic head-on collision between a bus and a commercial truck in Limpopo has left 24 dead.   The crash occurred 10 km from the Beitbridge border between South Africa and Zimbabwe, with the bus traveling from Zimbabwe to South Africa Show more",,@MDNnewss,29000,242,73,64
Crypto Beast,2025-02-13T14:49:19.000Z,"BREAKING   OPENSEA ARE ABOUT TO LAUNCH THEIR OWN COIN, $SEA  Iâ€™ll snipe it and make a few million dollars",,@cryptobeastreal,341000,1300,165,310
Michelle #AmericaFirst,2025-02-13T12:06:03.000Z,"BREAKING: SLIMEBALL Chicago Mayor Brandon Johnson was just caught hiding his ""luxury gift closet"" from inspectors!  He's bankrupting his city by spending millions on illegals yet accepting jewelry, artwork, designer handbags etc. from ""unknown sources."" What a ""coincidence?""",#AmericaFirst,@MichelleRM68,31000,2100,1400,70
Michael McFaul,2025-02-13T19:55:36.000Z,"When Dugin is cheering your actions, you are doing something really wrong. I hope senior European officials will have candid, frank conversations with their American counterparts at #MSC2025 about the dire consequences of handing over Ukraine or breaking up the NATO alliance Quote Î›rktos Journal @ArktosJournal Â· 40m The West Is Dead: Russia and America Redraw the World Map  Alexander Dugin (@AGDugin) asserts that the West no longer exists as a unified entity, with Trump and Putin reshaping the world order through a conservative revolution, where Canada and Greenland may fall under U.S. Show more",#MSC2025,"@McFaul, @ArktosJournal, @AGDugin",7200,117,44,9
Unlimited L's,2025-02-13T19:44:53.000Z,BREAKING: Manhattan US attorney resigns after refusing orders to drop case against New York City Mayor Adams,,@unlimited_ls,1600,68,9,9
Eric Daugherty,2025-02-13T13:03:07.000Z,"BREAKING: President Donald Trump announces that Reuters was paid $9M by the Department of Defense to study ""large scale social deception.""  TRUMP REACTS: ""Give back the money, NOW!"" Define 'social deception'? Who approved payment?",,@EricLDaugh,106000,6600,1400,125
BRICS News,2025-02-13T15:58:11.000Z,JUST IN: NATO Secretary General Mark Rutte says Ukraine was never promised a membership in NATO. Why this statement now? What now for Ukraine's security?,,@BRICSinfo,553000,11000,2600,1400
Ø§ØªØ§Ù‚ Ø®Ø¨Ø± Ù…Ù†ÙˆØªÙˆ,2025-02-13T13:42:10.000Z,Ø´Ø§Ù‡Ø²Ø§Ø¯Ù‡ Ø±Ø¶Ø§ Ù¾Ù‡Ù„ÙˆÛŒ Ø¨Ø§ Ø§Ù†ØªØ´Ø§Ø± Ø®Ø¨Ø±ÛŒ Ø¯Ø± Ø´Ø¨Ú©Ù‡ Ø§ÛŒÚ©Ø³ Ø§Ø¹Ù„Ø§Ù… Ú©Ø±Ø¯ Ú©Ù‡ Ú©Ù†ÙØ±Ø§Ù†Ø³ Ø§Ù…Ù†ÛŒØªÛŒ Ù…ÙˆÙ†ÛŒØ® (MSC) Ø¨Ø±Ø§ÛŒ Ø¯ÙˆÙ…ÛŒÙ† Ø¨Ø§Ø± Ø·ÛŒ Ø¯Ùˆ Ù‡ÙØªÙ‡ Ú¯Ø°Ø´ØªÙ‡ØŒ Ø¨Ù‡ Ø¯Ø±Ø®ÙˆØ§Ø³Øª Ø¯ÙˆÙ„Øª Ø¢Ù„Ù…Ø§Ù† Ùˆ ØªØ­Øª ØªÙ‡Ø¯ÛŒØ¯ Ø¬Ù…Ù‡ÙˆØ±ÛŒ Ø§Ø³Ù„Ø§Ù…ÛŒ Ø§ÛŒØ±Ø§Ù† Ø¯Ø¹ÙˆØª Ø§Ùˆ Ø±Ø§ Ù„ØºÙˆ Ú©Ø±Ø¯Ù‡ Ø§Ø³Øª. ÙˆÛŒ Ø¨Ø§ Ø§Ù†ØªÙ‚Ø§Ø¯ Ø§Ø² Ø§ÛŒÙ† Ø§Ù‚Ø¯Ø§Ù… Ø§Ø¸Ù‡Ø§Ø± Ø¯Ø§Ø´Øª: Â«Ø¢ÛŒØªâ€ŒØ§Ù„Ù„Ù‡â€ŒÙ‡Ø§ Ø¯Ø± Ø¨Ø±Ù„ÛŒÙ† ØªØµÙ…ÛŒÙ… Ù…ÛŒâ€ŒÚ¯ÛŒØ±Ù†Ø¯.Â» Show more,,@ManotoNews,51000,5300,1200,314
Republicans against Trump,2025-02-13T19:49:36.000Z,"BREAKING: Acting U.S. Attorney for the Southern District of New York, Danielle Sassoon, has resigned after Trumpâ€™s DOJ ordered her to drop the criminal case against NYC Mayor Eric Adams.",,@RpsAgainstTrump,8200,287,79,25
ÙˆØ·Ù†. ÙŠØºØ±Ø¯ Ø®Ø§Ø±Ø¬ Ø§Ù„Ø³Ø±Ø¨,2025-02-13T14:43:25.000Z,Ø­Ø±Ø³ Ù…Ù„Ùƒ #Ø§Ù„Ø£Ø±Ø¯Ù† ÙŠØ·ÙŠØ­ Ø£Ø±Ø¶Ø§Ù‹ Ø¨Ù…ÙˆØ§Ø·Ù† Ø£Ø±Ø§Ø¯ Ø§Ù„Ø³Ù„Ø§Ù… Ø¹Ù„Ù‰ Ø§Ù„Ù…Ù„Ùƒ Ø£Ø«Ù†Ø§Ø¡ Ù…Ø±Ø§Ø³Ù… Ø§Ø³ØªÙ‚Ø¨Ø§Ù„Ù‡ Ø¨Ø¹Ø¯ ÙˆØµÙˆÙ„Ù‡ Ù…Ù† #Ø£Ù…Ø±ÙŠÙƒØ§.,"#Ø§Ù„Ø£Ø±Ø¯Ù†, #Ø£Ù…Ø±ÙŠÙƒØ§",@watanserb_news,587000,1000,179,532
Polymarket,2025-02-13T19:27:49.000Z,BREAKING: DOGE officials have just entered the IRS building.  Odds  @DOGE  audits the IRS just shot up to 73%. Why audit IRS now? IRS response to audit?,,"@Polymarket, @DOGE",58000,1100,170,50
Fox News,2025-02-13T19:00:19.000Z,"'YOU F---ED UP':  @joerogan  sends warning to bureaucrats now that  @elonmusk  and DOGE are slashing spending. The popular podcast host explains how the billionaire is targeting ""nitwits that hide behind three-letter agencies"" â€” not American taxpayers. https://trib.al/0LZXTd1",,"@FoxNews, @joerogan, @elonmusk",51000,1100,198,75
Fox News,2025-02-13T14:00:19.000Z,"END SCENE: Blake Livelyâ€™s secret agenda exposed in resurfaced 2022 clip â€” revealing she hid her push for ""authorship"" from directors until after signing on, a key issue in her legal battle with 'It Ends With Us' director Justin Baldoni. 0:26",,@FoxNews,189000,476,89,127
Netflix France,2023-03-09T16:31:03.000Z,Replying to  @NetflixFR Breaking Bad,,"@NetflixFR, @NetflixFR",330000,443,16,9
Robin,2025-02-13T16:32:41.000Z,BREAKING: Germany prevented Crown Prince Reza Pahlavi from attending a security conference.   We invite him to come to Israel so that the voice of the Iranian people is not suppressed.,,@Robiiin_Hoodx,16000,2100,688,197
Mario Nawfal,2025-02-13T20:07:21.000Z,BREAKING: RFK JR HAS OFFICIALLY BEEN SWORN IN AS HHS SECRETARY From  Margo Martin,,@MarioNawfal,47,8,6,29
JD Vance News,2025-02-13T12:12:35.000Z,Be Honest:  Do you still trust this News Station?,,@JDVanceNewsX,72000,1700,208,1700
News Tamil 24x7,2025-02-13T15:07:45.000Z,à®šà¯†à®©à¯à®©à¯ˆ...NO! à®®à®•à®¾à®ªà®²à®¿à®ªà¯à®°à®®à¯...OK! à®¤à®µà¯†à®• à®ªà¯Šà®¤à¯ à®•à¯à®´à¯ à®•à¯‚à®Ÿà¯à®Ÿà®®à¯.. à®†à®¯à¯à®µà¯ à®ªà®£à®¿à®¯à®¿à®²à¯ à®ªà¯à®¸à¯à®¸à®¿ à®†à®©à®¨à¯à®¤à¯à®Ÿà®©à¯ à®†à®¤à®µà¯ à®…à®°à¯à®œà¯à®©à®¾  #Chennai #TVK #Meeting #BussyAnand #AadhavArjuna #NewsTamil #NewsTamil24x7,"#Chennai, #TVK, #Meeting, #BussyAnand, #AadhavArjuna, #NewsTamil, #NewsTamil24x7",@NewsTamilTV24x7,90000,2300,324,22
Mario Nawfal,2025-02-13T19:40:00.000Z,"BREAKING: MANHATTAN U.S. ATTORNEY QUITS AFTER DOJ KILLS ERIC ADAMS CASE  Danielle Sassoon just handed in her resignation rather than follow a Justice Department order to drop corruption charges against NYC Mayor Eric Adams.  Adams was facing bribery, fraud, and illegal Show more",,@MarioNawfal,22000,326,86,53
DOGE NEWS- Department of Government Efficiency,2025-02-13T14:22:24.000Z,This is how the corrupt machine works:  - Your taxes fund USAID  - USAID funds leftist NGOs  - Leftist NGOs pay themselves huge salaries  - Those salaries get funneled back to Democrat campaigns  Now you know why the establishment is panicking. Show more,,@realdogeusa,30000,3000,1300,132
Scott Jennings,2025-02-13T12:29:54.000Z,Well well well. Cable news today should just be a line of people apologizing to Trump. From todayâ€™s  @wsj :,,"@ScottJenningsKY, @wsj",664000,40000,8400,1500
raxdflipnote,2025-02-13T13:03:54.000Z,this clip recently went mega viral so I decided to post my own perspective lol,,@raxdflipnote,75000,8200,738,15
Usha Vance News,2025-02-13T15:07:01.000Z,I hope we can work together now to build a brighter future for everyone â€” Bill Gates   Would you support Bill Gates working in President Trumpâ€™s new administration?  A. YES  B.  NO,,@UshaVanceNews,17000,214,72,668
DOGE NEWS- Department of Government Efficiency,2025-02-13T17:19:18.000Z,Democrat Congresswoman Melanie Stansbury (NM) claims that DOGE has hacked the system at The EPA & that Americans are going to have to start boiling their water  These people are crazy.   HOW IS THIS REAL???,,@realdogeusa,21000,833,227,379
SPACE LIBERDADE î¨€,2025-02-13T16:23:53.000Z,"URGENTE - Lula diz a uma mulher que ela nÃ£o tem mais vergonha de nÃ£o ter dentes, pois jÃ¡ tem 50 anos   ""Como vocÃª Ã© uma senhora de 50 anos, vocÃª jÃ¡ nÃ£o tem vergonha. Mas nÃ£o Ã© corretoâ€",,@NewsLiberdade,205000,4200,814,713
Alex Jones,2025-02-13T17:14:53.000Z,"BREAKING: AG Pam Bondi Prepares Criminal Charges For Deep State Leaders! Alex Jones Is LIVE Dropping Exclusive Intel On This Historic Development! LIVE 714K views Alex Jones @RealAlexJones WATCH LIVE! In Just 23 Days, President Trump & His Team Have Completely Devastated The Corrupt Globalist System! Tune In For LIVE Coverage Of Trumpâ€™s Historic DOGE Press Conference Where He Will NAME NAMES Right Here On The Alex show! Watch & Share These H",,"@RealAlexJones, @RealAlexJones",222000,3600,845,125
DOGE NEWS- Department of Government Efficiency,2025-02-13T17:42:00.000Z,DOGE update from President Trump:,,@realdogeusa,12000,940,215,41
The Persian Jewess,2025-02-13T15:47:58.000Z,"BREAKINGHamas just VIOLATED THE CEASEFIRE and attempted to launch a rocket from Gaza toward Israel. The rocket failed and fell within Gaza.   Per international law, Israel has every right to defend itself. From  × ×•×¢×” ××’×™×“ | Noa magid",,@persianjewess,12000,522,122,33
Libs of TikTok,2025-02-13T19:02:28.000Z,BREAKING: President Trump announces RECIPROCAL TARIFFS on any country ripping off America.  Via  @MargoMartin47,,"@libsoftiktok, @MargoMartin47",88000,5500,801,251
India News,2025-02-10T11:18:47.000Z,"à¤à¤¸à¥‡ à¤ªà¤¤à¤¾ à¤²à¤—à¤¾à¤¯à¤¾ à¤²à¤¡à¤¼à¤•à¤¾ à¤¶à¤¾à¤¦à¥€ à¤•à¥‡ à¤²à¤¿à¤ à¤ à¥€à¤• à¤¹à¥ˆ à¤¯à¤¾ à¤¨à¤¹à¥€à¤‚, à¤²à¤¡à¤¼à¤•à¥€ à¤µà¤¾à¤²à¥‹à¤‚ à¤¨à¥‡ à¤¤à¥‹à¤¡à¤¼ à¤¦à¥€ à¤¶à¤¾à¤¦à¥€   #Wedding #ViralNews #Viral #Trending #IndiaNews #IndiaNewsDigital  @Rachnabansal","#Wedding, #ViralNews, #Viral, #Trending, #IndiaNews, #IndiaNewsDigital","@NetworkItv, @Rachnabansal",69,1,1,1
AJE,2025-02-13T16:24:11.000Z,"BREAKING!!! Southwest Governorsâ€™ Forum has resolved to establish a Joint Surveillance and Monitoring Team to coordinate security operations across the region.  The move, they said, is a direct response to the emerging threats of ISWAP and other criminal groups whose activities Show more",,@Riddwane,101000,900,376,108
Breitbart News,2025-02-13T18:46:34.000Z,"Andrew Natsios, who served the Bush White House as Administrator of USAID, claimed the agency was one of the reasons why America won the Cold War against the Soviets.  @RepBrianMast  had the perfect comeback.",,"@BreitbartNews, @RepBrianMast",32000,574,122,46
ğ”Ÿğ”¬ğ”Ÿğ”Ÿğ”¶ â™° (unemployment arc),2025-02-13T19:12:19.000Z,BREAKING: Rasmr caught liking all of his own posts rasmr,,@retardmode,13000,277,13,57
Ù‚Ù†Ø§Ø© Ø§Ù„Ù…ÙŠØ§Ø¯ÙŠÙ†,2025-02-13T19:46:20.000Z,"""Ø§Ù„Ø§Ø­ØªØ¬Ø§Ø¬ Ø§Ù„Ø¹ÙÙˆÙŠ Ø¹Ù„Ù‰ Ø·Ø±ÙŠÙ‚ Ù…Ø·Ø§Ø± #Ø¨ÙŠØ±ÙˆØª Ù‡Ùˆ ØªØ¶Ø§Ù…Ù† Ù…Ø¹ Ø§Ù„Ù„Ø¨Ù†Ø§Ù†ÙŠÙŠÙ† Ø§Ù„Ø¹Ø§Ù„Ù‚ÙŠÙ† ÙÙŠ #Ø·Ù‡Ø±Ø§Ù†ØŒ ÙˆÙ„ÙŠØ³ Ù…Ø¯ÙÙˆØ¹Ø§Ù‹ Ù…Ù† Ø£ÙŠ Ø­Ø²Ø¨ØŒ ÙˆØ­ØªÙ‰ Ø¥Ù† ØªÙ…Ù‘Øª Ø¥Ø¹Ø§Ø¯ØªÙ‡Ù… Ø¹Ø¨Ø± Ø·Ø§Ø¦Ø±Ø© Ù„Ø¨Ù†Ø§Ù†ÙŠØ©ØŒ ÙŠØ¨Ù‚Ù‰ Ø§Ù„Ø£Ø³Ø§Ø³ Ø³ÙŠØ§Ø¯Ø© #Ù„Ø¨Ù†Ø§Ù† Ø¹Ù„Ù‰ Ù…Ù†Ø§ÙØ°Ù‡ ÙˆÙ…Ø¹Ø§Ø¨Ø±Ù‡ØŒ ÙˆÙ…Ù†Ù‡Ø§ Ø§Ù„Ù…Ø·Ø§Ø±"".  Ø§Ù„ÙƒØ§ØªØ¨ ÙˆØ§Ù„Ù…Ø­Ù„Ù„ Ø§Ù„Ø³ÙŠØ§Ø³ÙŠ Ø­Ø³Ù† Ù‚Ø¨Ù„Ø§Ù†  #Ø§Ù„Ù…ÙŠØ§Ø¯ÙŠÙ† 2:29","#Ø¨ÙŠØ±ÙˆØª, #Ø·Ù‡Ø±Ø§Ù†, #Ù„Ø¨Ù†Ø§Ù†, #Ø§Ù„Ù…ÙŠØ§Ø¯ÙŠÙ†",@AlMayadeenNews,3300,78,22,1
Charlie Kirk,2025-02-13T16:18:06.000Z,BREAKING: RFK JR. HAS JUST BEEN CONFIRMED AS THE NEXT HEALTH AND HUMAN SERVICES SECRETARY.  GAME CHANGER.  LET'S GO!!!,,@charliekirk11,797000,45000,5800,1500
Ø§ØªØ§Ù‚ Ø®Ø¨Ø± Ù…Ù†ÙˆØªÙˆ,2025-02-13T17:39:56.000Z,Ø§Ù…ÛŒØ±â€ŒØ­Ø³ÛŒÙ† Ø§Ø¹ØªÙ…Ø§Ø¯ÛŒØŒ Ù…Ø´Ø§ÙˆØ± Ø³ÛŒØ§Ø³ÛŒ â€Ø´Ø§Ù‡Ø²Ø§Ø¯Ù‡ Ø±Ø¶Ø§ Ù¾Ù‡Ù„ÙˆÛŒ Ø¨Ù‡ Ù…Ù†ÙˆØªÙˆ Ú¯ÙØª Ø¨Ø§ ÙˆØ¬ÙˆØ¯ Ù„ØºÙˆ Ø¯ÙˆØ¨Ø§Ø±Ù‡ Ø³Ø®Ù†Ø±Ø§Ù†ÛŒ Ø´Ø§Ù‡Ø²Ø§Ø¯Ù‡ Ø¯Ø± Ú©Ù†ÙØ±Ø§Ù†Ø³ Ø§Ù…Ù†ÛŒØªÛŒ Ù…ÙˆÙ†ÛŒØ®ØŒ Ù†Ø´Ø³Øª  Ù‡Ù…Ú¯Ø±Ø§ÛŒÛŒ Ø¨Ø§ Ù†Ù…Ø§ÛŒÙ†Ø¯Ú¯Ø§Ù† Ø§Ø­Ø²Ø§Ø¨ Ùˆ Ø³Ø§Ø²Ù…Ø§Ù†â€ŒÙ‡Ø§ÛŒ Ø§ÛŒØ±Ø§Ù†Ú¯Ø±Ø§ Ø¯Ø± Ø§ÛŒÙ† Ø´Ù‡Ø±ØŒ Ø·Ø¨Ù‚ Ø¨Ø±Ù†Ø§Ù…Ù‡â€ŒØ±ÛŒØ²ÛŒ Ù‚Ø¨Ù„ÛŒ Ù‡Ù…Ú†Ù†Ø§Ù† Ø¨Ø§ Ø­Ø¶ÙˆØ± Ø´Ø§Ù‡Ø²Ø§Ø¯Ù‡ Ø¨Ø±Ú¯Ø²Ø§Ø± Ø®ÙˆØ§Ù‡Ø¯ Ø´Ø¯.,,@ManotoNews,6500,603,159,23
Mario Nawfal,2025-02-13T19:58:45.000Z,"BREAKING: KANYE & BIANCA CALL IT QUITS?!  Kanye West and Bianca Censori are reportedly divorcing just 11 days after her nearly-naked Grammys stuntâ€”allegedly his idea.  Bianca allegedly walks away with $5 million and their $35M LA mansion (for now), while Kanyeâ€™s location is Show more",,@MarioNawfal,23000,147,28,77
Metropol Haber,2025-02-13T17:40:01.000Z,Sakal ektiren bir gencin ilginÃ§ halleri sosyal medyada viral oldu.,,@metropolmedya_,97000,319,24,31
The Gray Crypto,2025-02-13T15:05:30.000Z,"BIG NEWS! [Initial Listing] The MyShell Token ($SHELL) is officially LIVE on MEXC!    Now trading in the MEXC Innovation Zone!   SPOT: https://mexc.com/exchange/SHELL_USDTâ€¦  Futures: https://futures.mexc.com/exchange/SHELL_USDTâ€¦   Deposit & Trade for a chance to share 34,000 SHELL & 55,000 USDT! Show more",,@TheGrayCrypto,9000,602,39,179
Publius,2025-02-13T19:46:26.000Z,"BREAKING:   @DOGE  officials have Entered the IRS to conduct an Efficiency Audit, aiming to cut Govt Fraud & Waste and restructure the organization.  Do you support abolishing the IRS after the audit?",,"@OcrazioCornPop, @DOGE",1000,95,28,13
VisegrÃ¡d 24,2025-02-13T16:45:48.000Z,BREAKING:  A new video shows the Afghan terrorist repeatedly screaming â€œAllahâ€ after todayâ€™s car ramming attack in Munich (28 wounded).  He was also sharing Islamist propaganda online leading up to the attack.  Via  @irfan_peci 0:06,,"@visegrad24, @irfan_peci",314000,5800,1700,446
Populism Updates,2025-01-08T20:22:09.000Z,"2009: The hottest viral trend is ""flash mobs"" 2024: The hottest viral trend is lookalike contests 2039: The hottest viral trend is attempting to commit crimes from the 19th century",,@PopulismUpdates,11000,221,10,2
Tom Homan - Border Czar |News by Independent MAGA|,2025-02-13T18:29:43.000Z,"New in America:  Per the White House and MAGA Reports, Brooke Rollins has been confirmed as the 33rd Secretary of Agriculture with 72 votes in favor of her and 28 votes against her.  Letâ€™s confirm Kash Patel next!  Quote MAGA Reports @MAGAreports Â· 2h 0:05 MAGA:  Congratulations to Brooke Rollins for being confirmed to lead the Department of Agricultural (USDA) under President Trump!  Another Cabinet member confirmed!",,"@TomHoman_, @MAGAreports",27000,1000,184,28
Ord.io,2025-02-13T19:17:00.000Z,BREAKING: The #1 cat memecoin on Bitcoin  @billydollarcat  appears to be reclaiming its original ticker $BILLY after being forced to change to $BDC due to a Solana meme (that has since rugged) stealing it last summer  Bitcoin $BILLY wins!,#1,"@ord_io, @billydollarcat",4700,214,40,25
Sam Cooper,2025-02-13T16:46:15.000Z,Explosive interview with â¦ @BradWestPoCo â© Exclusive: Secretary of State Warned B.C. Mayor U.S. Agencies Are Withholding Evidence Due to Canadaâ€™s Legal Loopholes and Lack of Fentanyl Prosecutions Exclusive: Secretary of State Warned B.C. Mayor U.S. Agencies Are Withholding Evidence Due to... From thebureau.news,,"@scoopercooper, @BradWestPoCo",27000,875,444,44
WeAreFairCop,2025-02-13T18:57:27.000Z,"Former trans cop was known to be thick as mince.Instead of getting rid, â¦ @LincsPolice â© made him a model of diversity & gave him a job in vetting.   He was in court today for weapons offences. Officers who searched his house say it was a sex dungeon. Ex-PCSO downloaded gun manual and had access to 3D printer, court hears From lincolnshirelive.co.uk",,"@WeAreFairCop, @LincsPolice",12000,828,361,65
Times Algebra,2025-02-13T18:06:24.000Z,"BIG NEWS  Elon Musk gives gift to PM Modi.  Elon Musk arrives with family and kids to meet PM Modi.  Meeting between PM and Elon Musk under way at Blair House in Washington, Presidentâ€™s Guest House.  PM Modi and Trump will hold high-stakes talks and bilateral discussions in the Show more",,@TimesAlgebraIND,31000,1100,176,40
Jesse Singal,2025-02-13T17:25:45.000Z,"Because -- and I cannot emphasize this enough -- Elon Musk is an absolute tweaked-out moron incapable of the most basic internet research, he claimed the news agency Reuters (not the same thing as its parent, Thomson Reuters, which does plenty of other, non-media stuff) received Show more Quote Elon Musk @elonmusk Â· 15h Reuters was paid millions of dollars by the US government for â€œlarge scale social deceptionâ€.   That is literally what it says on the purchase order! Theyâ€™re a total scam.   Just wow. x.com/marionawfal/stâ€¦ Show more",,"@jessesingal, @elonmusk",83000,1200,254,180
Kyle ChassÃ© / DD,2025-02-13T19:05:55.000Z,BREAKING   TRUMP SAYS INTEREST RATES â€œARE GOING TO BE GOING DOWN!â€,,@kyle_chasse,10000,528,69,37
YabaLeftOnline,2025-02-13T19:09:45.000Z,Trending video shows house where expired drugs are being repackaged. From,,@yabaleftonline,15000,141,45,50
Marc Nixon,2025-02-13T18:09:01.000Z,"BREAKING: KARINA GOULDâ€™S MASTER PLAN   If Canada is in a FULL-BLOWN TRADE WAR by March 12â€¦ NO ELECTION.  If she becomes PM, NO ELECTION.  Because â€œPUTTING CANADA FIRSTâ€ apparently means keeping Liberals in power indefinitely.",,@MarcNixon24,10000,413,177,109
Ù‚Ù†Ø§Ø© Ø§Ù„Ù…ÙŠØ§Ø¯ÙŠÙ†,2025-02-13T17:38:26.000Z,"Ù…ÙˆÙ‚Ø¹ ""Ø£ÙƒØ³ÙŠÙˆØ³"" Ø§Ù„Ø£Ù…ÙŠØ±ÙƒÙŠ:  143 Ù†Ø§Ø¦Ø¨Ø§Ù‹ Ø¯ÙŠÙ…Ù‚Ø±Ø§Ø·ÙŠØ§Ù‹ ÙŠØ·Ø§Ù„Ø¨ÙˆÙ† #ØªØ±Ø§Ù…Ø¨ Ø¨Ø³Ø­Ø¨ ØªØµØ±ÙŠØ­Ø§ØªÙ‡ Ø¨Ø´Ø£Ù† #ØºØ²Ø©.  #Ø§Ù„Ù…ÙŠØ§Ø¯ÙŠÙ†","#ØªØ±Ø§Ù…Ø¨, #ØºØ²Ø©, #Ø§Ù„Ù…ÙŠØ§Ø¯ÙŠÙ†",@AlMayadeenNews,8500,337,99,7
Funny Or Die,2016-06-23T18:52:55.000Z,Turn that frown upside down.  5 Viral Videos That Went Viral AF This Week http://bit.ly/28QtWYK,,@funnyordie,74,21,3,28
Bo French,2025-02-13T16:15:46.000Z,"BREAKING @Burrows4TX  named Joe Moody of El Paso, a Democrat, Speaker Pro Tempore.   This violates RPT Plank 213.   The Speaker Pro Tempore is supposed to be of the majority Party.   More betrayal. #txlege",#txlege,"@Bo_French_TX, @Burrows4TX",39000,2400,1300,254
TODAY,2018-07-05T12:31:15.000Z,The internet this week fell in love with a viral story about a woman who asked to switch seats on her flight and managed to spawn a fairytale for two other passengers. 2:,,@TODAYshow,6400,2000,89,51
Breaking911,2025-02-13T20:07:40.000Z,"TRUMP: ""I don't see any way that a country in Russia's position could allow them to join NATO.""  ""The war started because Biden went out & said that Ukraine could join NATO.""",,@Breaking911,967,45,10,1
Trump Fact news,2025-02-13T15:36:59.000Z,LA FOLIE #USAID CONTINUE :  L'organisation a payÃ© la somme astronomique de 3 MILLIONS DE DOLLARS Ã  un rappeur Ã  Gaza pour produire des chansons de rap antisÃ©mites. 13,#USAID,@Trump_Fact_News,11000,447,446,274
News Arena India,2025-02-13T16:52:39.000Z,"BJP leader Tajinder Bagga -  ""Official account of CM of Delhi had around 9.90 lakh followers.   This account was operated using Delhi government funds.  However after losing powerArvind Kejriwal converted CMO Delhi account into his personal account  This is a scam because all the Show more",,@NewsArenaIndia,42000,1800,472,4
,2025-02-13T16:26:13.000Z,Ni con Breaking Bad me enganchÃ© tanto.,,@TheChipi,26000,753,176,22
Fox News,2025-02-13T18:16:39.000Z,FLASHBACK: Even Biden was 'pro-DOGE' way back in 2011.,,@FoxNews,63000,521,151,70
Gunther Eaglemanâ„¢,2025-02-13T16:21:53.000Z,"BREAKING: Kash Patel has been voted out of the Committee for FBI Director!   Next step - Full floor confirmation vote!   Let's get it done,  @SenateGOP ; America is watching! Who is Kash Patel? Kash Patel's nomination: any controversies?",,"@GuntherEagleman, @SenateGOP",328000,12000,2100,513
UN News,2025-02-13T19:53:53.000Z,"The crisis in eastern #DRCongo worsens as M23 rebels push further into South Kivu, warns the top UN humanitarian official in the country, citing growing humanitarian needs  https://news.un.org/en/story/2025/02/1160111â€¦",#DRCongo,@UN_News_Centre,702,8,2,1
The Bitcoin Historian,2025-02-13T15:43:30.000Z,"BREAKING: ONE OF CANADA'S BIG 5 BANKS JUST INCREASED ITS #BITCOIN EXPOSURE 1,000x   IT NOW OWNS $150 MILLION IN BTC  Why did BMO increase Bitcoin exposure? What's the strategy behind this investment?",#BITCOIN,@pete_rizzo_,22000,1000,183,42
New York Post,2025-02-13T17:56:02.000Z,"Trumpâ€™s FBI pick Kash Patel clears committee vetting, heads to Senate floor for vote https://trib.al/2KIeG8A",,@nypost,18000,418,58,35
Mike Davis,2025-02-13T17:21:59.000Z,"Cheers to my friend  @EagleEdMartin , who will bring back law and order to Washington, DC, which desperately needs it. EXCLUSIVE: DC's new Interim US Attorney vows swift action on crime, aims for safer streets From wjla.com",,"@mrddmia, @EagleEdMartin",9700,660,165,8
Alex Jones,2025-02-13T18:46:30.000Z,"BREAKING EXCLUSIVE: Democratic Party's Stranglehold On Ukraine Has Been Shattered By Trumpism  Likewise, Trump's Victory In The US Has Split The EU Into Two Camps- Globalists & Nationalists  And, The Liberal Global Establishment Would Rather Commit Nuclear Suicide With WWIII Than Show more 20:48",,@RealAlexJones,75000,660,151,77
News Reports,2025-02-13T20:05:31.000Z,"X, beÄŸeni butonuna Sevgililer GÃ¼nÃ¼ animasyonu eklendi. #ValentinesDay",#ValentinesDay,@newsreportstr,16,3,1,3
ã‚¹ãƒãƒ¼ãƒ„å ±çŸ¥,2025-02-13T20:06:23.000Z,ã€å·¨äººã€‘é˜¿éƒ¨æ…ä¹‹åŠ©ç›£ç£ã€Œé‡æ‰‹ã¯æ³¥ã‚“ã“ã«ãªã£ã¦ã‚‚ã‚‰ã†ã‚ˆã€æ²–ç¸„ã§ã®çŒ›ç·´ç¿’ã‚’äºˆå‘Šã€€ã‘ãŒäººãªãå®®å´ã‚­ãƒ£ãƒ³ãƒ—æ‰“ã¡ä¸Šã’ #giants ã€å·¨äººã€‘é˜¿éƒ¨æ…ä¹‹åŠ©ç›£ç£ã€Œé‡æ‰‹ã¯æ³¥ã‚“ã“ã«ãªã£ã¦ã‚‚ã‚‰ã†ã‚ˆã€æ²–ç¸„ã§ã®çŒ›ç·´ç¿’ã‚’äºˆå‘Šã€€ã‘ãŒäººãªãå®®å´ã‚­ãƒ£ãƒ³ãƒ—æ‰“ã¡ä¸Šã’ - ã‚¹ãƒãƒ¼ãƒ„å ±çŸ¥ From hochi.news,#giants,@SportsHochi,24,2,1,2
CulÃ©s News Br,2025-02-13T20:08:13.000Z,"Todo dia um estudante de jornalismo recebe uma notÃ­cia pior. Quote DataFut @DataFutebol Â· 8m Felipe Melo Ã© novo comentarista esportivo dos Canais Globo! Ele vai estrear ainda nesse mÃªs, no â€œSeleÃ§Ã£o SporTVâ€.   Marcelo de Jesus",,"@Culernews, @DataFutebol",0,0,0,0
Alex Jones,2025-02-13T18:05:40.000Z,"As Trump, Putin And Zelensky Negotiate A Peace Plan, Leftist Media Pushes Fable That Trump Is Allowing Putin To Invade Europe.  Alex Jones Is Breaking Down What Is Really Going On NOW: https://x.com/i/broadcasts/1yoKMovkQvWJQâ€¦",,@RealAlexJones,132000,1000,255,100
Fox News,2025-02-13T16:00:10.000Z,"'LOOK AT ME!': A nearly five-hour city council meeting goes off the rails as residents scream at elected officials, demanding their town become a 'sanctuary city' for transgender people. The resolution was ultimately approved. More details. https://trib.al/6qmolIY",,@FoxNews,127000,339,127,722
YabaLeftOnline,2025-02-13T18:55:10.000Z,"""Breaking up with me two days to valentine is childish"" - X-user narrates what ended her relationship days to valentine",,@yabaleftonline,24000,265,21,114
XXX SXE PORNHUB,2025-02-13T20:05:33.000Z,Sophie Rain is the new  #miakalifa  Sophie Rain is going viral for new video (see it in full in the comments)Full Video http://bio.site/USA_X_Star Sophie Rain was built perfectly by God. filter leak #SophierainSpidermanVideo #SophierainLeak #Sophierain #Sophie #miakhalifa,"#miakalifa, #SophierainSpidermanVideo, #SophierainLeak, #Sophierain, #Sophie, #miakhalifa",@Spazmattie,275,305,6,65
Scott MacFarlane,2025-02-13T14:32:31.000Z,"NEW:  Group of federal taxpayers has sued Elon Musk & the Treasury Dept for allegedly allowing Musk's team to have access to sensitive Treasury information on Americans  Suit: ""The scale of the intrusion into individualsâ€™ privacy is massive and unprecedented. Millions of people Show more",,@MacFarlaneNews,45000,2100,798,137
Basil the Great,2025-02-13T12:07:52.000Z,"BREAKING NEWS: BROTHERS PLEAD NOT GUILTY TO ASSAULTING MANCHESTER AIRPORT POLICE OFFICERS  - Even though the incident was caught on camera, they've pleaded not guilty with a trial set for 30th June  They're gonna get away with it arent they  #TwoTierPolicing",#TwoTierPolicing,@Basil_TGMD,30000,733,236,142
Breaking News,2024-03-14T11:27:56.000Z,"ĞÑ€ĞºĞ¸ Ğ½Ğ° Ğ¿Ñ€Ğ¾Ğ±Ñ–Ğ¶Ñ†Ñ–  Ğ“Ñ€Ğ°Ğ¹Ğ²Ğ¾Ñ€Ğ¾Ğ½, Ğ‘Ğ„Ğ»Ğ³Ğ¾Ñ€Ğ¾Ğ´ÑÑŒĞºĞ° Ğ¾Ğ±Ğ»Ğ°ÑÑ‚ÑŒ  Ğ›ÑĞ´Ğ¸ Ğ±Ñ–Ğ¶Ğ°Ñ‚ÑŒ Ğ³Ğ¾Ğ»Ğ¾ÑÑƒĞ²Ğ°Ñ‚Ğ¸ Ğ·Ğ° Ğ¿ÑƒÑ‚Ñ–Ğ½Ğ°",,@breakingUAnews,142000,590,124,71
JD Vance News,2025-02-13T12:14:44.000Z,BREAKING: Trump orders transgender male inmates to be placed in menâ€™s prisons.  Do you agree with Trump that men should be in menâ€™s places?  A. YES B. NO,,@JDVanceNewsX,36000,2700,391,1200
Libs of TikTok,2025-02-13T18:43:58.000Z,BREAKING: New video shows the Afghan terrorist screaming â€œAllahâ€ after the Munich car ramming attack that left 28 wounded.  He also shared Islamist propaganda online before the attack -  @visegrad24,,"@libsoftiktok, @visegrad24",164000,3000,813,353
Ons Jabeur,2021-01-18T00:05:26.000Z,"As you all know, I am one of the players that has been placed in full isolation. Not the easiest news to get but staying strong and making the best of it.  I am committed to do whatever it takes to get ready despite the circumstances.  Time to get creative",,@Ons_Jabeur,1000,124,61,2021
New York Post,2025-02-13T19:16:05.000Z,Officers from the Trenton Police Department risked their own safety to rescue a dog trapped in freezing water after breaking through the ice in Elizabeth Park.,,@nypost,19000,220,27,22
Brendan Carr,2025-02-13T14:11:19.000Z,"Thank you for spreading the word about this upcoming event on restoring trust in news,  @TaylorLorenz  !   If you could also include a reference to it in your blog, that would be great.",,"@BrendanCarrFCC, @TaylorLorenz",75000,1100,203,83
Ford News,2025-02-13T18:35:10.000Z,#BREAKINGNEWS The State of Pennsylvania (Governor Josh Shapiro) is suing the Trump administration for not releasing 1.2 billion in Federal Funds after being ordered to do so by a Federal Judge.,#BREAKINGNEWS,@FordJohnathan5,3800,647,169,5
Derrick Evans,2025-02-13T15:40:40.000Z,"BREAKING: President Trump FIRED the remaining Biden-appointed U.S. attorneys, effective immediately. What legal implications? How are investigations affected?",,@DerrickEvans4WV,101000,9300,1100,101
Lord Talbot,2025-02-13T16:09:08.000Z,"Sad news for money launderers, Trump is working on closing down the Ukrainian launderette.",,@Lord_Talbot64,2600,478,126,43
Breitbart News,2025-02-13T19:03:25.000Z,"Secretary of Defense Pete Hegseth is now in Warsaw, Poland.  Follow  @kristina_wong  for updates From  Kristina Wong",,"@BreitbartNews, @kristina_wong",19000,796,64,21
Justin Bieber News,2020-01-04T17:29:56.000Z,#YummyMusicVideo is the #1 Trending Topic Worldwide! GIF,"#YummyMusicVideo, #1",@yourbiebernews,751,397,9,1
BRICS News,2025-02-13T15:24:46.000Z,"JUST IN:  Russian Foreign Minister Lavrov praises US President Trump's diplomatic efforts to end the conflict in Ukraine.   ""This is how you should communicate with Russia.""",,@BRICSinfo,165000,8400,1600,177
Polimer News,2025-02-13T16:28:02.000Z,à®¤à®¿.à®®à¯.à®•. à®à®®à¯.à®ªà®¿.à®•à¯à®•à®³à¯‡ à®‰à®™à¯à®•à®³à¯à®•à¯à®•à¯ à®¤à®¾à®©à¯ à®ªà®¤à®¿à®²à¯ à®šà¯Šà®²à¯à®•à®¿à®±à¯‡à®©à¯.. à®…à®®à¯ˆà®¤à®¿à®¯à®¾ à®‰à®Ÿà¯à®•à®¾à®°à¯à®¨à¯à®¤à¯ à®•à¯‡à®³à¯à®™à¯à®•.. à®à®ªà¯à®ªà¯‹ à®ªà®¾à®°à¯ à®®à¯‹à®Ÿà®¿ à®®à¯‹à®Ÿà®¿à®©à¯ à®šà¯Šà®²à¯à®±à¯€à®™à¯à®•.. à®¨à®¾à®Ÿà®¾à®³à¯à®®à®©à¯à®±à®¤à¯à®¤à®¿à®²à¯ à®¤à®¿à®Ÿà¯€à®°à¯†à®© à®•à®°à¯à®œà®¿à®¤à¯à®¤ à®¨à®¿à®°à¯à®®à®²à®¾ à®šà¯€à®¤à®¾à®°à®¾à®®à®©à¯..  #Delhi | #Parliament | #NirmalaSitharaman | #DMK | #TiruchiSiva | #PolimerNews,"#Delhi, #Parliament, #NirmalaSitharaman, #DMK, #TiruchiSiva, #PolimerNews",@polimernews,56000,1600,368,79
Autism Capital,2025-02-13T18:03:00.000Z,"BREAKING: PBS shuts down its DEI Department  ""In order to best ensure we are in compliance with the Presidentâ€™s executive order around Diversity, Equity, and Inclusion we have closed our DEI office. The staff members who served in that office are leaving PBS.""  Per: The Hill",,@AutismCapital,36000,1300,113,114
Pi News,2025-02-13T19:40:00.000Z,Drop the $PI invitation code. Don't ask why!,,@PiNewsApp,9400,177,23,240
Chuck Schumer,2025-02-13T17:54:36.000Z,Inflation is the number one issue on peopleâ€™s minds.  It was the biggest issue during the election.  And already Donald Trump is breaking his promise to do something about it.,,@SenSchumer,69000,620,241,1300
Wall Street Mav,2025-02-13T19:45:00.000Z,Breaking,,@WallStreetMav,16000,432,70,69
LifeNews.com,2025-02-13T16:33:45.000Z,BREAKING: Senate Confirms Robert F. Kennedy Jr. as HHS Secretary https://buff.ly/4jYDFQz,,@LifeNewsHQ,4300,454,61,12
Ian Jaeger,2025-02-13T19:07:17.000Z,BREAKING: President Trump demands that Politico pay back the money to taxpayers that they received from the Federal Government.,,@IanJaeger29,3500,436,74,21
Why It Is Trending,2025-01-24T02:06:47.000Z,"When a large number of people are actively discussing a person, event, or news. It starts trending.  Our job on this page is to let you know the root cause and why anything is trending allover the world.",,@trendingblog247,13000,461,71,14
Te Atualizei News,2025-02-13T20:08:45.000Z,"Olha sÃ³ quem resolveu desenterrar o passado (literalmente)! O STF tÃ¡ discutindo a abrangÃªncia da Lei da Anistia de 1979, focando em crimes como a ocultaÃ§Ã£o de cadÃ¡ver â€“ aqueles que comeÃ§aram na Ã©poca do regime militar e, segundo a tese da vez, continuariâ€¦ https://instagr.am/p/DGBpeMVTJqF/",,@newsteatualizei,10,4,1,1979
Shiv Aroor,2025-02-13T18:09:09.000Z,Breaking news: The next generation takes charge of diplomacy!,,@ShivAroor,28000,2900,204,47
Mirror Breaking News,2025-02-13T20:04:42.000Z,BREAKING Amber Northern Lights alert issued as Brits could spot dazzling night sky display  https://mirror.co.uk/news/uk-news/breaking-amber-northern-lights-alert-34676364â€¦,,@MirrorBreaking_,70,1,1,34676364
Alexandra Henrion-Caude,2025-02-13T19:59:40.000Z,I am so glad Bobby... Maintenant je vais prier car cela ne va pas Ãªtre facile You  @RobertKennedyJr and I know it... Senate narrowly confirms RFK Jr to lead Health and Human Services From bbc.com,,"@CaudeHenrion, @RobertKennedyJr",1100,188,36,10
One America News,2025-02-13T18:08:24.000Z,"White House Press Secretary, Karoline Leavitt, ( @PressSec ) Calls Out Republicans Saying They Need To Vote And Confirm President Trump's Nominations After She Was Asked About Senator Mitch McConnell Voting Against Tulsi Gabbard And Pete Hegseth.  #OAN #Latest #GOP #Senate Show more 0:35","#OAN, #Latest, #GOP, #Senate","@OANN, @PressSec",25000,512,80,24
"Corey A. DeAngelis, school choice evangelist",2025-02-13T19:14:57.000Z,"BREAKING: Democrat Senator Ed Markey says, ""Public school is not a con job. It's equality for every student.""  He went to a private school.",,@DeAngelisCorey,4700,448,113,41
MDN NEWS,2025-02-13T17:42:38.000Z,Stay away from this kind of friends..,,@MDNnewss,53000,487,137,55
One America News,2025-02-13T18:08:24.000Z,"White House Press Secretary, Karoline Leavitt, ( @PressSec ) Calls Out Republicans Saying They Need To Vote And Confirm President Trump's Nominations After She Was Asked About Senator Mitch McConnell Voting Against Tulsi Gabbard And Pete Hegseth.  #OAN #Latest #GOP #Senate Show more 0:05 / 0:40","#OAN, #Latest, #GOP, #Senate","@OANN, @PressSec",25000,512,80,24
MDN NEWS,2025-02-13T17:42:38.000Z,Stay away from this kind of friends.. 1:04,,@MDNnewss,53000,489,137,55
Sky News,2025-02-13T20:08:22.000Z,'I assume he [Elon Musk] wants to do business in India'  Trump says he does not know whether Musk met India's Prime Minister Narendra Modi as a US citizen or as a representative of the US government.   https://trib.al/ykKkAKu   Sky 501,,@SkyNews,635,2,2,3
Ghar Ke Kalesh,2025-02-13T16:22:34.000Z,Railway police drags a man by his collar who was breaking Indian Railway's doors to enter inside From  Woke Eminent,,@gharkekalesh,70000,1800,146,99
MDN NEWS,2025-02-13T17:42:38.000Z,Stay away from this kind of friends.. 0:06 / 1:10,,@MDNnewss,53000,489,137,55
Ghar Ke Kalesh,2025-02-13T16:22:34.000Z,Railway police drags a man by his collar who was breaking Indian Railway's doors to enter inside 0:11 From  Woke Eminent,,@gharkekalesh,70000,1800,146,99
Tom Fitton,2025-02-13T13:21:42.000Z,"BREAKING! Court Invites  @realDonaldTrump  DOJ to Consider Release of Hidden ""Biden Tapes!"" http://judicialwatch.org/releasing-bideâ€¦ From  Judicial Watch",,"@TomFitton, @realDonaldTrump",35000,2000,575,49
Dustin Grage,2025-02-13T17:07:37.000Z,"BREAKING: Minnesota Sen. Tina Smith (D) announces she will NOT seek re-election in 2026.  Looks like our public pressure over the last month was a little too effective, but happy to say weâ€™ve officially sent abortion grandma into retirement! Who could replace Tina Smith? Impact on Minnesota politics?",,@GrageDustin,35000,1700,279,162
Leo Kearse - on YouTube & GB News,2025-02-13T13:17:13.000Z,"""Hampshire woman""? Fuck off.",,@LeoKearse,29000,2900,344,164
David Atherton,2025-02-13T13:36:26.000Z,"Breaking News  Farishta Jami, 36, a mother of 4 was looking to move her family to Afghanistan so they could become martyrs for ISIS. Born there, she came here in 2008.   She was found found guilty of preparing acts of terrorism between Sept 2022-Jan 10 last year.  She'll be Show more",,@DaveAtherton20,34000,1900,767,260
Update NEWS,2025-02-13T19:15:19.000Z,"BREAKING NEWS:  Olaf Scholz called on parliament to declare a state of emergency due to ""the events of the last 24 hours and the statements made by the U.S. government regarding Ukraine.""",,@UpdateNews724,21000,497,106,133
Brian Krassenstein,2025-02-13T16:21:24.000Z,"BREAKING: RFK Jr. has just been confirmed as HHS Secretary.  Congrats MAGA, you just appointed a new nutcase Head of HHS who has said the following:  - â€œVaccines are one of the most toxic substances we ingest.â€  - â€œThe vaccine schedule is a dangerous experiment on our children.â€ Show more",,@krassenstein,91000,2300,740,1100
Fox News,2025-02-13T14:16:00.000Z,"Protesters interrupt a House hearing on USAID spending, demanding that funding be restored to PEPFAR, but ""the funding was restored"" says Rep. Brian Mast. 0:57",,@FoxNews,186000,1500,290,237
ABC News,2025-02-13T19:35:29.000Z,"BREAKING: Pres. Trump signed an executive order calling on his administration to determine reciprocal tariffs on U.S. trading partners.  A senior official says this allows the U.S. to ""customize"" the tariff to each trading partner based on their actions. https://abcnews.visitlink.me/I3ZB40",,@ABC,21000,58,28,33
Cristiano Ronaldo News,2025-02-13T20:05:37.000Z,This is the second Al Nassr stadium now..  From  ÙƒÙˆØ±Ø© | Alnassr,,@CRonaldoNews,686,44,5,2
Alerta News 24,2025-02-13T20:08:30.000Z,"| AHORA - GUERRA UCRANIA-RUSIA: Trump: ""La guerra comenzÃ³ porque Biden dijo que Ucrania podrÃ­a unirse a la OTAN.  No veo ninguna posibilidad de que un paÃ­s en la posiciÃ³n de Rusia pueda permitirle unirse a la OTAN"". From  Clash Report",,@AlertaNews24,531,22,4,1
The Babylon Bee,2025-02-13T14:30:05.000Z,Sauron-Appointed Judge Rules Frodo Must Return Ring To Sauron https://buff.ly/4hTBUCA,,@TheBabylonBee,142000,2800,387,81
FBI,2025-02-13T19:01:39.000Z,Think your online crypto â€˜coachâ€™ is legit? Think again. It might be a scam! The #FBI has been using advanced techniques to detect threats and alert victims before they lose everything. Learn how the FBI is helping thousands through Operation Level Up at https://fbi.gov/news/press-releases/fbi-takes-action-to-protect-your-hard-earned-moneyâ€¦,#FBI,@FBI,12000,115,46,22
New York Post,2025-02-13T17:02:56.000Z,USS Harry S. Truman aircraft carrier involved in collision with merchant ship near Middle East port https://trib.al/PPi5RRl,,@nypost,28000,139,59,40
SABC News,2025-02-13T13:58:09.000Z,[HAPPENING NOW]  SANDF Soldiers' remains have arrived at the air force base in Centurion. Watch the ceremony live on SABC News 404. 1:57,,@SABCNews,30000,266,92,36
New York Post,2025-02-13T14:42:16.000Z,"Shonda Rhimes, Ben Folds resign from Kennedy Center roles after Trump takeover https://trib.al/PWOXMz9",,@nypost,218000,2600,284,1100
Breaking911,2025-02-13T14:31:52.000Z,"UAE Ambassador to the U.S. Yousef Al Otaiba has endorsed Trumpâ€™s proposal to relocate Gazaâ€™s population, acknowledging global criticism but describing the move as â€œdifficult but inevitable.â€  ""I donâ€™t see an alternative to whatâ€™s being proposed,"" he added.",,@Breaking911,50000,642,186,40
Childrenâ€™s Health Defense,2025-02-13T16:45:10.000Z,HISTORICAL BREAKING NEWS:  @RobertKennedyJr  CONFIRMED as Secretary of HHS.  This moment is what weâ€™ve been fighting for all these years. The people have spoken. Itâ€™s time for MAHA.,,"@ChildrensHD, @RobertKennedyJr",31000,3000,466,87
Dustin Grage,2025-02-13T17:50:55.000Z,BREAKING: Minnesota Lt. Governor Peggy Flanagan announces she will run for the open U.S. Senate seat in Minnesota!  This is a huge opportunity for Republicans to win the seat for the first time since Norm Coleman!,,@GrageDustin,63000,1400,375,170
Breitbart News,2025-02-13T19:18:21.000Z,There was... a much smarter course of action the driver could have taken here.,,@BreitbartNews,31000,260,49,134
â€” wilbur soot updates!,2021-03-16T20:10:06.000Z,Wilbur is trending!!  Most likely from the announcement that he will be on (platonic) Love or Host on Thursday!!,,@sootupdate,1000,24,7,2021
TRUMP ARMY,2025-02-13T12:29:51.000Z,BREAKING: CDC employees are reportedly preparing to submit their resignation letters in large numbers if Robert F. Kennedy Jr is confirmed as the head of Department of Health and Human Services.   What's your reaction? What policies will RFK Jr. propose? Why resign if RFK Jr. confirmed?,,@TRUMP_ARMY_,27000,2900,517,1400
Bernie,2025-02-13T11:56:08.000Z,BREAKING - Starmer CANCELS his visit to Buckinghamshireâ€¦  Because heâ€™s too much of a coward to face British farmers protesting his tax rises!  He couldnâ€™t be heard over the noise of the horns anyway,,@Artemisfornow,54000,4000,768,97
Financelot,2025-02-13T18:29:00.000Z,"The market is breaking the same way it broke in February 2020.  Gold transfers are a dead giveaway, which means the big players know the game plan. https://youtube.com/watch?v=6Rsk-3n_AXcâ€¦ Quote Financelot @FinanceLancelot Â· 2h Transfers of physical gold from the Bank of England to New York is now exceeding the panic during the COVID-19 crisis.  People are blaming tariffs but there's something bigger going on here. Legacy media is totally silent, they're hiding it. Another Feb 2020 flash crash again?",,"@FinanceLancelot, @FinanceLancelot",37000,404,94,23
Aditya Raj Kaul,2025-02-13T18:59:15.000Z,#BREAKING: Two Minority Hindu businessmen attacked in Larkana of Sindh in Pakistan. Bullets pumped into them. Rushed to the hospital. Second attack on Hindu Minority in Pakistan in less than 48 hours. Earlier two Hindus were killed and one injured in Turbat of Balochistan.,#BREAKING,@AdityaRajKaul,4500,370,161,3
NewsWire,2025-02-13T20:04:24.000Z,ROBERT F. KENNEDY JR SWORN IN AS HEALTH AND HUMAN SERVICES SECRETARY 0:07 From  Margo Martin,,@NewsWire_US,1800,44,17,17
Ø§Ù„Ø£Ø­Ø¯Ø§Ø« Ø§Ù„Ø¹Ø§Ù„Ù…ÙŠØ©,2025-02-13T20:04:56.000Z,Ø£Ø­Ø¯ ÙƒØ¨Ø§Ø± Ø§Ù„Ù…Ø³Ø¤ÙˆÙ„ÙŠÙ† ÙÙŠ Ø¥Ø¯Ø§Ø±Ø© ØªØ±Ø§Ù…Ø¨:  Ø§Ù„ÙˆÙ„Ø§ÙŠØ§Øª Ø§Ù„Ù…ØªØ­Ø¯Ø© ØªØ±Ù‰ Ø£Ù† Ø§Ù„Ø±Ø¦ÙŠØ³ Ø¬ÙˆØ²ÙŠÙ Ø¹ÙˆÙ† Ù„Ø¯ÙŠÙ‡ ÙØ±ØµØ© ÙØ±ÙŠØ¯Ø© Ù…Ù† Ù†ÙˆØ¹Ù‡Ø§ Ù„Ù‚ÙŠØ§Ø¯Ø© Ù„Ø¨Ù†Ø§Ù† Ø¨Ø¹ÙŠØ¯Ù‹Ø§ Ø¹Ù† Ù‚Ø¨Ø¶Ø© Ø­Ø²Ø¨ Ø§Ù„Ù„Ù‡ ÙˆØ¥ÙŠØ±Ø§Ù†ØŒ ÙˆÙ†Ø­Ù† Ù†Ø¹ØªÙ‚Ø¯ Ø£Ù† Ø§Ù„Ø±Ø¦ÙŠØ³ Ø¹ÙˆÙ† Ù„Ø¯ÙŠÙ‡ Ø§Ù„ØªÙÙˆÙŠØ¶ Ù„Ù„Ù‚ÙŠØ§Ù… Ø¨Ø°Ù„Ùƒ.,,@NewsNow4USA,6100,48,6,15
Deepak Sharma,2025-02-13T17:14:29.000Z,BIG BREAKING NEWS   à¤ªà¥à¤°à¤§à¤¾à¤¨à¤®à¤¨à¥à¤¤à¥à¤°à¥€ à¤®à¥‹à¤¦à¥€ à¤œà¥€ à¤¸à¥‡ à¤®à¤¿à¤²à¥‡ à¤à¤²à¤¨ à¤®à¤¸à¥à¤•   à¤®à¥‹à¤¦à¥€ à¤œà¥€ à¤¨à¥‡  @elonmusk  à¤•à¤¾ à¤—à¤°à¥à¤®à¤œà¥‹à¤¶à¥€ à¤¸à¥‡ à¤¸à¥à¤µà¤¾à¤—à¤¤ à¤•à¤¿à¤¯à¤¾,,"@SonOfBharat7, @elonmusk",10000,1500,345,49
DogeDesigner,2025-02-13T18:05:42.000Z,"BREAKING: Indian Prime Minister Narendra Modi met with Vivek Ramaswamy at Blair House in Washington, DC today.  From  Press Trust of India",,@cb_doge,34000,2100,277,82
NewsWire,2025-02-13T20:04:24.000Z,ROBERT F. KENNEDY JR SWORN IN AS HEALTH AND HUMAN SERVICES SECRETARY 0:06 / 0:12 From  Margo Martin,,@NewsWire_US,1800,44,17,17
DogeDesigner,2025-02-13T18:05:42.000Z,"BREAKING: Indian Prime Minister Narendra Modi met with Vivek Ramaswamy at Blair House in Washington, DC today.  0:17 From  Press Trust of India",,@cb_doge,34000,2100,277,82
Meet Kevin,2025-02-13T19:09:50.000Z,BREAKING: DOGE just arrived at the IRS.,,@realMeetKevin,27000,1200,91,69
Citizen TV Kenya,2025-02-13T17:05:15.000Z,Kenya stares at condom shortage amid USAID funding freeze https://citizen.digital/news/kenya-stares-at-condom-shortage-amid-usaid-funding-freeze-n357582â€¦,,@citizentvkenya,18000,189,27,36
T R U T H P O L E,2025-02-13T14:15:56.000Z,BREAKING - Group of tourists capture clear photos of a UFO in Argentina  #Ufotwitter #Ufos #Uap #Ufox #LueElizondo #Ovni #RossCoulthart #NewsNation #JakeBarber #EggUFO,"#Ufotwitter, #Ufos, #Uap, #Ufox, #LueElizondo, #Ovni, #RossCoulthart, #NewsNation, #JakeBarber, #EggUFO",@Truthpolex,91000,1700,198,69
Ivanka Trump News,2025-02-13T09:50:15.000Z,Be Honest:   DO YOU BELIEVE DONALD TRUMP IS A GOOD MAN?   A. YES  B. NO,,@IvankaNews_,138000,11000,1000,6200
ORICON NEWSï¼ˆã‚ªãƒªã‚³ãƒ³ãƒ‹ãƒ¥ãƒ¼ã‚¹ï¼‰,2025-02-13T11:00:00.000Z,=LOVEã€éå»æœ€å¤§è¦æ¨¡ãƒ©ã‚¤ãƒ–æ˜ ç”»åŒ–ä½œå“ ã‚¿ã‚¤ãƒˆãƒ«&å…¬é–‹æ—¥æ±ºå®šå…¨å›½ã§å…¬é–‹ã¸  ç‰¹å ±æ˜ åƒã‚‚å…¬é–‹ çµ‚å§‹ä¼šå ´ã®çœŸã‚“ä¸­ã«ã„ã‚‹ã‚ˆã†ãªè‡¨å ´æ„Ÿå‘³ã‚ãˆã‚‹ https://oricon.co.jp/news/2368720/?utm_source=Twitter&utm_medium=social&ref_cd=jstw003â€¦  ã‚¿ã‚¤ãƒˆãƒ«ã¯ã€ï¼LOVE 7th ANNIVERSARY PREMIUM CONCERT THE MOVIEã€  #ã‚¤ã‚³ãƒ©ãƒ–  @Equal_LOVE_12,#ã‚¤ã‚³ãƒ©ãƒ–,"@oricon, @Equal_LOVE_12",271000,7900,1300,4
JP Sears,2025-02-13T16:19:47.000Z,Cutting Wasteful Spending is BAD! News Update,,@AwakenWithJP,10000,584,162,17
Yahoo!ãƒ‹ãƒ¥ãƒ¼ã‚¹,2025-02-13T10:55:00.000Z,ã€ã‚­ã‚¹ã‚‚æ€§äº¤ã‚‚æ¿€æ¸› é«˜æ ¡ç”Ÿã®æ‹æ„›ã€‘ news.yahoo.co.jp ã‚­ã‚¹ã‚‚æ€§äº¤ã‚‚æ¿€æ¸› é«˜æ ¡ç”Ÿã®æ‹æ„› - Yahoo!ãƒ‹ãƒ¥ãƒ¼ã‚¹ æ˜æ—¥2æœˆ14æ—¥ã¯ãƒãƒ¬ãƒ³ã‚¿ã‚¤ãƒ³ãƒ‡ãƒ¼ã€‚å­¦æ ¡ç”Ÿæ´»ã§ã¯ç››ã‚Šä¸ŠãŒã‚‹ã‚¤ãƒ™ãƒ³ãƒˆã®ä¸€ã¤ã ãŒã€è¿‘é ƒã¯æœãŸã—ã¦ã©ã†ã ã‚ã†ã‹ã€‚æ˜¨ä»Šã€é«˜æ ¡ç”Ÿã®æ‹æ„›äº‹æƒ…ã«å¤‰åŒ–ãŒè¦‹ã‚‰ã‚Œã‚‹ã€‚1974å¹´ã‹ã‚‰è¡Œã‚ã‚Œã¦ããŸã€Œé’å°‘å¹´ã®æ€§è¡Œå‹•å…¨å›½èª¿æŸ»ã€ã€‚,,@YahooNewsTopics,13000000,35000,6900,750
Ivanka Trump News,2025-02-13T09:57:26.000Z,"HONEST QUESTION:  Would you trade in your current phone for the XPhone if it means you get full Starlink connectivity anywhere, anytime?  A) Absolutely B) No way",,@IvankaNews_,33000,1100,113,683
Father V,2025-02-13T14:52:05.000Z,Cardinal Cupich: â€œThe Holy Father has clearly identified for the US bishopsâ€¦the protection and advocacy for the dignity of migrants as the preeminent urgency at this moment.â€ This contradicts the stance of the USCCB that abortion is the preeminent issue. Cardinal Cupich welcomes Pope's letter to US Bishops on migration - Vatican News From vaticannews.va,,@father_rmv,9900,410,82,95
Ù‚Ù†Ø§Ø© Ø§Ù„Ø´Ø¹ÙˆØ¨ Ø§Ù„ÙØ¶Ø§Ø¦ÙŠØ©,2025-02-13T16:30:01.000Z,#Ù…Ø¹ØªØ²_Ù…Ø·Ø± ÙŠÙƒØ´Ù Ø³Ø¨Ø¨ Ù…ÙˆØ§ÙÙ‚Ø© #Ù…Ù„Ùƒ_Ø§Ù„Ø£Ø±Ø¯Ù† Ø¹Ù„Ù‰ Ù…Ø®Ø·Ø·  #ØªØ±Ø§Ù…Ø¨ Ù„ØªØ±Ø­ÙŠÙ„ Ø£Ù‡Ù„ #ØºØ²Ø© Ù…Ù† Ø§Ù„Ù‚Ø·Ø§Ø¹.. Ù„Ø§ ÙŠÙÙˆØªÙƒ,"#Ù…Ø¹ØªØ²_Ù…Ø·Ø±, #Ù…Ù„Ùƒ_Ø§Ù„Ø£Ø±Ø¯Ù†, #ØªØ±Ø§Ù…Ø¨, #ØºØ²Ø©",@AlshoubBreaking,10000,554,139,53
Susan,2025-02-13T14:53:33.000Z,We Need Tucker back on the Nightly news.,,@emma6USA,8200,533,317,51
News18 India,2025-02-13T10:58:03.000Z,"à¤²à¤–à¤¨à¤Š à¤®à¥‡à¤‚ à¤•à¤¾à¤° à¤¸à¤µà¤¾à¤° à¤¨à¥‡ à¤‰à¤¡à¤¼à¤¾ à¤¦à¤¿à¤¯à¤¾!  #LucknowNews | #Shorts Readers added context they thought people might want to know The video doesn't shows like the car driver hit the bike rider the car had took the turn slowly and bike rider crashes the car from front.  x.com/i/status/18899â€¦ Do you find this helpful? Rate it Context is written by people who use X, and appears when rated helpful by others.  Find out more.","#LucknowNews, #Shorts",@News18India,749000,2100,467,1200
ABC News,2025-02-13T14:35:00.000Z,"Drones captured spectacular footage of Italy's Mount Etna erupting this week, spewing a column of smoke and ash into the sky and sending streams of lava to the surface.",,@ABC,32000,106,63,17
"Al Bert Herne CFA, shorting $SLV to $0",2025-02-13T16:08:16.000Z,BREAKING!!!!   COSTCO UNDER SIGNIFICANT DELAY FULFILLING ORDERS FOR GOLD AND SILVER PRODUCTS  COSTCO HAS â€œNOT SEEN THIS VOLUME OF PURCHASING ON A PRODUCT SINCE RELEASING THE KIRKLAND SIGNATURE GOLF BALL IN 2016â€  EMAILS WILL SOON BE GOING OUT ASKING CUSTOMERS WITH Show more,,@albertherne,50000,796,163,50
Department of Defense,2025-02-13T13:00:01.000Z,"Discipline required.  @KeyportNUWC  Dive Locker sailors keep the  @usnavy â€™s fleet ready through missions like torpedo recovery, demolition work & pressure-testing potential divers. Learn more about their mission & how they prep for the rigors of the job: https://defense.gov/News/Feature-Stories/Story/Article/4028031/torpedo-tests-salvage-more-spend-a-day-at-nuwc-division-keyports-dive-locker/â€¦",,"@DeptofDefense, @KeyportNUWC, @usnavy",26000,489,109,23
Pi News,2025-02-13T09:16:34.000Z,Buy $PI 100000x,,@PiNewsApp,86000,2500,260,131
himuro,2025-02-13T08:49:22.000Z,ã˜ã‚ƒã‚å›½ä¼šè­°å“¡ã®å®šæ•°ã‚‚å¤§å¹…ã«æ¸›ã‚‰ã•ãªã„ã¨ã­  å°†æ¥ã¯ã€Œå…¨å›½ã§300ï½400å¸‚ã«ã€ã€€æ‘ä¸Šç·å‹™ç›¸ã€äººå£æ¸›é€²è¡Œã§ã€Œå€‹äººçš„è¦‹è§£ã€https://news.yahoo.co.jp/articles/374a8b3efd9b6cca210c289b9d076abebef4a4e6/images/000â€¦,,@himuro398,56000,5600,1100,257
Global Times,2025-02-13T11:11:48.000Z,#Breaking: Congratulations to #Nezha2 for becoming the first Chinese film to surpass 10 billion yuan ($1.4 billion) at the box office and reaching the top 20 of the global all-time box-office chart! A historic milestone for Chinese cinema! #BoxOfficeRecord https://globaltimes.cn/page/202502/1328382.shtmlâ€¦,"#Breaking, #Nezha2, #BoxOfficeRecord",@globaltimesnews,26000,688,195,19
sai chowdary,2025-02-13T16:05:51.000Z,And its trending guyss   40 min lo Trending Lo pettamâ€¦its gonna be hugee for sure   Tag  #DisasterLaila From  TmCruise,#DisasterLaila,@saiholicc,9300,1200,566,25
ZimLive,2025-02-13T13:43:10.000Z,"At a news conference today, Zanu PF spokesman Chris Mutsvangwa shared his delight at USAIDâ€™s temporary closure and then portrayed war veteran Blessed Geza as a victim who is being used by vice president Constantino Chiwenga (without naming him) to stir trouble in Zanu PF",,@zimlive,62000,235,72,86
George Galloway,2025-02-13T12:00:00.000Z,"BREAKING: The day that Nato died  Without America there is no Nato + On the brink of peace and war + Trump and Putin play over 90 minutes, no injury time  Follow #MOATS 421 #Nato #Trump #Putin #Ukraine","#MOATS, #Nato, #Trump, #Putin, #Ukraine",@georgegalloway,16000,462,174,27
SA News Channel,2025-02-13T08:56:15.000Z,Satlok Ashram Sojat à¤®à¥‡à¤‚ à¤†à¤•à¤° à¤¬à¤šà¥à¤šà¥‹à¤‚ à¤•à¥‹ à¤•à¥ˆà¤¸à¤¾ à¤²à¤—à¤¾? |  Nirvan Diwas 2025,,@SatlokChannel,3600,1300,1100,25
Farmers To Action,2025-02-13T11:34:37.000Z,"Breaking News @Keir_Starmer  @10DowningStreet  abandoned his planned visit to a housing development in Buckinghamshire after  @FarmersToAction  Farmers faced him down.  Meanwhile, Deputy PM and Housing Secretary  @AngelaRayner  boldly declared: ""I will not run away from the tough Show more Together and 9 others",,"@FarmersToAction, @Keir_Starmer, @10DowningStreet, @FarmersToAction, @AngelaRayner",38000,3000,764,164
Tom Emmer,2025-02-13T15:57:09.000Z,BREAKING: The  @HouseGOP  just passed  @RepCiscomani 's Agent Raul Gonzalez Officer Safety Act.  Illegal aliens who endanger law enforcement and innocent civilians by recklessly evading Border Patrol should face the consequencesâ€”including removal and inadmissibility. What are the penalties? How is it enforced?,,"@GOPMajorityWhip, @HouseGOP, @RepCiscomani",8800,186,22,11
SMX,2025-02-13T11:24:50.000Z,"Elon Musk and his kids participated in the ALS Ice Bucket Challenge, a viral sensation in 2014.  The campaign, which involved pouring ice water over oneself, significantly raised global awareness and funding for ALS research. From  SMX",,@iam_smx,30000,855,92,57
ENHYPEN HEESEUNG GLOBAL,2025-02-13T15:50:51.000Z,"Viral Alert: March of Heeseung is Taking Over!   With Heeseungâ€™s fan edit going viral on Douyin (Chinaâ€™s TikTok) and setting the record as the fastest 4th-gen male idol to hit milestones, fans have started to take on the challenge!    How to join:  Use the viral sound Show more",,@LHSGlobalTeam,7700,237,136,2
DOGE NEWS- Department of Government Efficiency,2025-02-13T15:32:25.000Z,Pretty accurate,,@realdogeusa,29000,669,182,22
à¹€à¸£à¸·à¹ˆà¸­à¸‡à¹€à¸¥à¹ˆà¸²à¹€à¸Šà¹‰à¸²à¸™à¸µà¹‰,2025-02-13T09:42:49.000Z,à¸ˆà¸²à¸à¸™à¸±à¸à¸—à¹ˆà¸­à¸‡à¹€à¸—à¸µà¹ˆà¸¢à¸§à¸à¸¥à¸²à¸¢à¹€à¸›à¹‡à¸™à¸œà¸¹à¹‰à¸›à¸£à¸°à¸ªà¸šà¸ à¸±à¸¢ â€œà¹à¸ˆà¹‡à¸„â€ à¸Šà¸²à¸§à¸•à¹ˆà¸²à¸‡à¸Šà¸²à¸•à¸´à¸¡à¸²à¹€à¸—à¸µà¹ˆà¸¢à¸§à¹„à¸—à¸¢à¸„à¸£à¸±à¹‰à¸‡à¹à¸£à¸ à¸ˆà¸°à¹„à¸› â€œà¹€à¸à¸²à¸°à¹€à¸•à¹ˆà¸²â€ à¹à¸•à¹ˆà¸„à¸™à¸‚à¸±à¸šà¸à¸²à¹„à¸› â€œà¸”à¸­à¸¢à¹€à¸•à¹ˆà¸²â€ à¸–à¸¹à¸à¸—à¸´à¹‰à¸‡à¹„à¸§à¹‰à¸à¸¥à¸²à¸‡à¸—à¸²à¸‡  à¸•à¸³à¸£à¸§à¸ˆà¹€à¸‚à¹‰à¸²à¸Šà¹ˆà¸§à¸¢à¹€à¸«à¸¥à¸·à¸­à¸à¸²à¹„à¸›à¸à¸±à¸à¸œà¹ˆà¸­à¸™ à¸à¸£à¹‰à¸­à¸¡à¸ªà¹ˆà¸‡à¸‚à¸¶à¹‰à¸™à¸£à¸– à¸šà¸‚à¸ª. à¹„à¸›à¸›à¸¥à¸²à¸¢à¸—à¸²à¸‡  #à¹€à¸£à¸·à¹ˆà¸­à¸‡à¹€à¸¥à¹ˆà¸²à¹€à¸Šà¹‰à¸²à¸™à¸µà¹‰ #à¸‚à¹ˆà¸²à¸§à¸Šà¹ˆà¸­à¸‡3 #à¸‚à¹ˆà¸²à¸§à¹‚à¸‹à¹€à¸Šà¸µà¸¢à¸¥,"#à¹€à¸£, #à¸‚, #à¸‚",@MorningNewsTV3,385000,1900,1100,20
Ivanka Trump News,2025-02-13T10:19:28.000Z,Who do you think he was staring at?,,@IvankaNews_,52000,452,95,182
Brian Allen,2025-02-13T15:03:05.000Z,"BREAKING: Trumpâ€™s EPA, led by Lee Zeldin, is moving to rip back $20 BILLION in climate funding that was awarded under Bidenâ€™s signature climate law.  So letâ€™s get this straightâ€”Republicans cry about wasteful spending but have no problem sabotaging clean energy projects, Show more",,@allenanalysis,7700,376,163,41
Frontalforce,2025-02-13T15:24:52.000Z,Satisfying video  An uncivilized person who was damaging public property by breaking windows & doors of a train in India dragged by collar by Railway police.  Good work,,@FrontalForce,15000,749,135,12
News18 India,2025-02-13T12:10:41.000Z,à¤¸à¤°à¤¯à¥‚ à¤®à¥‡à¤‚ à¤µà¤¿à¤²à¥€à¤¨ à¤¹à¥à¤ à¤¸à¤¤à¥à¤¯à¥‡à¤‚à¤¦à¥à¤° à¤¦à¤¾à¤¸ #AcharyaSatyendraDas #Shorts 0:35,"#AcharyaSatyendraDas, #Shorts",@News18India,780000,6100,957,310
Jim Ferguson,2025-02-13T13:25:55.000Z,"BREAKING: STARMER RUNS FROM BRITISH FARMERS â€“ COWARDLY PM FLEES IN TAXPAYER-FUNDED LUXURY!    Keir Starmer just got a brutal reality checkâ€”Britainâ€™s farmers have HAD ENOUGH of his globalist policies, and they made sure he knew it.   Confronted by furious farmers, Starmer Show more",,@JimFergusonUK,10000,479,209,25
Dora Bae,2025-02-13T10:54:55.000Z,Who is she and why is she trending?,,@DoraBae19,78000,847,38,258
XRP NEWS,2025-02-13T15:37:28.000Z,"MASSIVE NEWS    MASTERCARD SELECTS RIPPLE AS A KEY PARTNER FOR GLOBAL TOKENIZATION & CBDCs!   WITH RLUSD & XRP IN THE MIX, THE FUTURE OF DIGITAL FINANCE IS UNFOLDING NOW!   IS THIS THE ULTIMATE GAME-CHANGER?  Show more ğ—•ğ—®ğ—»ğ—¸XRP and Anders",,@Panzbaby777,19000,595,168,18
MAGAMARINE,2025-02-13T15:38:33.000Z,"We are seeing this more and more, just turn on the news.",,@Nichole05507742,10000,241,136,16
ORICON NEWSï¼ˆã‚ªãƒªã‚³ãƒ³ãƒ‹ãƒ¥ãƒ¼ã‚¹ï¼‰,2025-02-13T11:00:02.000Z,King & Princeæ–°æ›²ã€ŒHEARTã€ MVãƒ¡ã‚¤ã‚­ãƒ³ã‚°ãƒ†ã‚£ã‚¶ãƒ¼æ˜ åƒå…¬é–‹  ã‚­ãƒ³ãƒ—ãƒªæ°¸ç€¬å»‰ï¼†é«™æ©‹æµ·äººã® ã‚ªãƒ³ã‚ªãƒ•ã®è¡¨æƒ…ã«ã‚‚æ³¨ç›® https://oricon.co.jp/news/2368929/?utm_source=Twitter&utm_medium=social&ref_cd=jstw003â€¦  Dear Tiaraç›¤ï¼ˆFCç›¤ï¼‰ã«ã¯ æ—©ãã‚‚ã€ŒHEARTã€ãƒ©ã‚¤ãƒ–åˆæŠ«éœ²æ˜ åƒãŒåéŒ² Show more,,@oricon,78000,4800,1100,2
à¹€à¸£à¸·à¹ˆà¸­à¸‡à¹€à¸¥à¹ˆà¸²à¹€à¸Šà¹‰à¸²à¸™à¸µà¹‰,2025-02-13T09:20:00.000Z,à¸œà¸‡à¸°! à¸à¸š 3 à¸¨à¸à¸à¹ˆà¸­à¹à¸¡à¹ˆà¸¥à¸¹à¸ à¸„à¸²à¸”à¸–à¸¹à¸à¸†à¸²à¸•à¸à¸£à¸£à¸¡à¸­à¸³à¸à¸£à¸²à¸‡ à¸£à¹ˆà¸²à¸‡à¸¢à¸±à¸”à¸à¸£à¸°à¸šà¸°à¸œà¹‰à¸²à¸„à¸¥à¸¸à¸¡à¸£à¸–à¸—à¸´à¹‰à¸‡à¹„à¸§à¹‰à¸šà¹‰à¸²à¸™à¸£à¹‰à¸²à¸‡à¸£à¸´à¸¡à¸–à¸™à¸™à¸„à¸¥à¸­à¸‡à¸‚à¸¥à¸¸à¸‡ à¸«à¸¥à¸±à¸‡à¸à¸²à¸•à¸´à¸›à¸£à¸°à¸à¸²à¸¨à¸•à¸²à¸¡à¸«à¸² à¸«à¸²à¸¢à¸•à¸±à¸§à¸›à¸£à¸´à¸¨à¸™à¸²à¸£à¹ˆà¸§à¸¡à¹€à¸”à¸·à¸­à¸™  à¸­à¹ˆà¸²à¸™à¸‚à¹ˆà¸²à¸§ : https://ch3plus.com/news/crime/morning/433016â€¦  #à¹€à¸£à¸·à¹ˆà¸­à¸‡à¹€à¸¥à¹ˆà¸²à¹€à¸Šà¹‰à¸²à¸™à¸µà¹‰ #à¸‚à¹ˆà¸²à¸§à¸Šà¹ˆà¸­à¸‡3 #à¸‚à¹ˆà¸²à¸§à¸­à¸²à¸Šà¸à¸²à¸à¸£à¸£à¸¡ #à¸à¸³à¹à¸à¸‡à¹€à¸à¸Šà¸£,"#à¹€à¸£, #à¸‚, #à¸‚, #à¸à¸³à¹à¸à¸‡à¹€à¸à¸Šà¸£",@MorningNewsTV3,47000,366,693,11
Jack,2025-02-13T14:30:09.000Z,BREAKING: President Donald Trump exposes that Reuters was given $9 million by the Department of Defense for â€œlarge scale social deception.â€ What are contract details? How was money used?,,@jackunheard,5800,359,91,26
Derrick Evans,2025-02-13T14:26:39.000Z,"BREAKING: President Donald Trump announced Reuters was paid $9M by the Department of Defense to study ""large scale social deception.""  President Trump Demands:   â€œGive back the money, NOW!""",,@DerrickEvans4WV,23000,1500,336,31
New Hampshire News,2025-02-13T15:33:55.000Z,"As #NewHampshire tackles Fentanyl, homelessness, affordable housing, bail reform, migrants, etc-  NH State Rep Janet Wall calls her ballon bill a â€œvery serious matter.â€  Yet another #Democrat lawmaker whose head is in the sky.   #MHpolitics #NHGOP #GOP #MAGA","#NewHampshire, #Democrat, #MHpolitics, #NHGOP, #GOP, #MAGA",@NHnewsUpdate,3200,88,40,50
Republic,2025-02-13T15:34:21.000Z,BREAKING NEWS: Local Republic activists in Middlesbrough have told Charles heâ€™s not their King! #NotMyKing #AbolishTheMonarchy,"#NotMyKing, #AbolishTheMonarchy",@RepublicStaff,6700,497,124,28
ãƒ©ãƒ–ãƒ©ã‚¤ãƒ–ï¼è“®ãƒç©ºå¥³å­¦é™¢ã‚¹ã‚¯ãƒ¼ãƒ«ã‚¢ã‚¤ãƒ‰ãƒ«ã‚¯ãƒ©ãƒ–ï¼ˆLinkï¼Likeï¼ãƒ©ãƒ–ãƒ©ã‚¤ãƒ–ï¼ï¼‰,2025-02-13T08:01:00.000Z,å•†å“æƒ…å ±  ãƒ©ãƒ–ãƒ©ã‚¤ãƒ–ï¼è“®ãƒç©ºå¥³å­¦é™¢ã‚¹ã‚¯ãƒ¼ãƒ«ã‚¢ã‚¤ãƒ‰ãƒ«ã‚¯ãƒ©ãƒ– Ã—ã‚µãƒ³ãƒªã‚ªã‚­ãƒ£ãƒ©ã‚¯ã‚¿ãƒ¼ã‚º  ã‚³ãƒ©ãƒœç¬¬2å¼¾ãŒæ±ºå®šã—ã¾ã—ãŸ ãŠã§ã‹ã‘ä»•æ§˜ã®ãƒ¡ãƒ³ãƒãƒ¼ãŸã¡ãŒã‹ã‚ã„ã„  è©³ç´°ã¯ã“ã¡ã‚‰ https://lovelive-anime.jp/news/01_4377.htmlâ€¦  Show more,,@hasunosora_SIC,440000,7600,4500,22
Sihle Mavuso,2025-02-13T15:46:08.000Z,PICTURE: He was arrested for trying to kidnap a 13 year-old boy at Terence Park in Durban - The News Box,,@ZANewsFlash,21000,303,86,48
Football Breaking,2025-02-13T12:42:07.000Z,Absolute facts!,,@footballbreakz,75000,2400,249,41
New York Post,2025-02-13T14:46:06.000Z,New footage shows moment military fighter jet crashes into San Diego Bay as pilots eject safely https://trib.al/8H8dDxf,,@nypost,37000,156,59,24
ITVPolitics,2025-02-13T13:23:08.000Z,"'Do they prefer waiting lists to come down, their mortgages to come down, the economy to start working for everyone...  'Or do we want to keep a tax break for farmers? You can't have both'  Starmer reacts to farmers who held a protest at his visit earlier  https://itv.com/news/2025-02-13/starmer-forced-to-halt-visit-after-tractor-driving-farmers-stage-loud-protestâ€¦ 2:01",,@ITVNewsPolitics,333000,3000,713,2300
TBD News.,2025-02-13T15:05:30.000Z,"El Gobernador Pullaro estÃ¡ llenando #Rosario de refugiados africanos y de limÃ­trofes, a travÃ©s de la ONG de  @LeandroZaccari  que recibe subsidios de gobernaciÃ³n y de la ONU, se encarga de asesorar a inmigrantes que  vienen mayormente de Congo, Guinea, Liberia, Nigeria.",#Rosario,"@ArgentinoProm_, @LeandroZaccari",10000,811,327,94
Thai PBS News,2025-02-13T07:35:12.000Z,"à¸«à¸¥à¸±à¸‡à¸ªà¸ à¸²à¸¥à¹ˆà¸¡ à¸ªà¸§.à¸™à¸±à¸™à¸—à¸™à¸² à¸™à¸³ à¸ªà¸§.à¸šà¸²à¸‡à¸ªà¹ˆà¸§à¸™ à¸­à¸­à¸à¸ˆà¸²à¸ #à¸£à¸±à¸à¸ªà¸ à¸² à¸¡à¸²à¸à¸šà¸›à¸£à¸°à¸Šà¸²à¸Šà¸™ à¹à¸¥à¸°à¸à¸¥à¹ˆà¸²à¸§à¸‚à¸­à¹‚à¸—à¸© à¸­à¸˜à¸´à¸šà¸²à¸¢à¸§à¹ˆà¸²à¸ªà¸¹à¹‰à¹€à¸•à¹‡à¸¡à¸£à¹‰à¸­à¸¢à¹à¸•à¹ˆà¸—à¸³à¹„à¸¡à¹ˆà¹€à¸ªà¸£à¹‡à¸ˆ à¹€à¸¡à¸·à¹ˆà¸­à¸§à¸²à¸£à¸° #à¹à¸à¹‰à¸£à¸±à¸à¸˜à¸£à¸£à¸¡à¸™à¸¹à¸ à¸¡à¸²à¸•à¸£à¸² 256 à¸§à¸±à¸™à¹à¸£à¸ à¸§à¸±à¸™à¸—à¸µà¹ˆ 13 à¸.à¸. à¸ªà¸ª.à¸šà¸²à¸‡à¸à¸¥à¸¸à¹ˆà¸¡ ""#à¸§à¸­à¸¥à¸à¹Œà¹€à¸­à¸²à¸•à¹Œ""  #à¸›à¸£à¸°à¸Šà¸¸à¸¡à¸ªà¸ à¸² #à¸ªà¸§ #à¸£à¸±à¸à¸˜à¸£à¸£à¸¡à¸™à¸¹à¸ #à¸‚à¹ˆà¸²à¸§à¹„à¸—à¸¢à¸à¸µà¸šà¸µà¹€à¸­à¸ª #à¸‚à¹ˆà¸²à¸§à¸—à¸µà¹ˆà¸„à¸¸à¸“à¸§à¸²à¸‡à¹ƒà¸ˆ #ThaiPBSnews #ThaiPBS","#à¸£, #à¹à¸, #à¸§à¸­à¸¥à¸, #à¸›à¸£à¸°à¸Š, #à¸ªà¸§, #à¸£, #à¸‚, #à¸‚, #ThaiPBSnews, #ThaiPBS",@ThaiPBSNews,98000,2000,1700,72
Ranting gola,2025-02-13T08:32:42.000Z,News v/s Godi media  Main bhajipao weapon-  Create a useless controversy to distract people from actual topics,,@therantinggola,32000,2100,591,103
ZBC News Online,2025-02-13T15:21:34.000Z,Trust the banks - it's safer and profitable: RBZ Governor Dr John Mangudya encourages businesses and individuals to deposit their cash with banks,,@ZBCNewsonline,26000,28,21,186
LiveIranNews,2025-02-13T15:07:52.000Z,Ø§Ø¹Ù„ÛŒØ­Ø¶Ø±Øª Ù‡Ù…Ø§ÛŒÙˆÙ† Ø´Ø§Ù‡Ù†Ø´Ø§Ù‡ Ø§ÛŒØ±Ø§Ù†â€ŒØ²Ù…ÛŒÙ† Ø±Ø¶Ø§Ø´Ø§Ù‡ Ø¯ÙˆÙ… Ø§Ø¹Ù„Ø§Ù… Ú©Ø±Ø¯Ù†Ø¯ Ú©Ù‡ Ú©Ù†ÙØ±Ø§Ù†Ø³ Ø§Ù…Ù†ÛŒØªÛŒ Ù…ÙˆÙ†ÛŒØ® (MSC) Ø¨Ø±Ø§ÛŒ Ø¯ÙˆÙ…ÛŒÙ† Ø¨Ø§Ø± Ø·ÛŒ Ø¯Ùˆ Ù‡ÙØªÙ‡ Ú¯Ø°Ø´ØªÙ‡ØŒ Ø¨Ù‡ Ø¯Ø±Ø®ÙˆØ§Ø³Øª Ø¯ÙˆÙ„Øª Ø¢Ù„Ù…Ø§Ù† Ùˆ ØªØ­Øª ØªÙ‡Ø¯ÛŒØ¯ Ø¬Ù…Ù‡ÙˆØ±ÛŒ Ø§Ø³Ù„Ø§Ù…ÛŒ Ø§ÛŒØ±Ø§Ù† Ø¯Ø¹ÙˆØª Ø§Ùˆ Ø±Ø§ Ù„ØºÙˆ Ú©Ø±Ø¯Ù‡ Ø§Ø³Øª. Ø§Ø¹Ù„ÛŒØ­Ø¶Ø±Øª Ø¨Ø§ Ø§Ù†ØªÙ‚Ø§Ø¯ Ø§Ø² Ø§ÛŒÙ† Ø§Ù‚Ø¯Ø§Ù… Ø§Ø¸Ù‡Ø§Ø± Ø¯Ø§Ø´Øª: Â«Ø¢ÛŒØªâ€ŒØ§Ù„Ù„Ù‡â€ŒÙ‡Ø§ Ø¯Ø± Ø¨Ø±Ù„ÛŒÙ† ØªØµÙ…ÛŒÙ… Ù…ÛŒ Show more,,@IranNewsAgency0,7400,792,151,27
Ivanka Trump News,2025-02-13T14:12:42.000Z,"BREAKING: Charges have just been filed against New York Attorney General, Letitia James for putting illegal aliens over American citizens.  Pam Bondi: â€œNew York has chosen to prioritize illegal aliens over American citizens. It stops, it stops TODAY.â€  Thought? Who is Pam Bondi?",,@IvankaNews_,13000,933,178,148
JD Vance News,2025-02-13T12:16:44.000Z,Itâ€™s an incredible honor to take the oath of office as the 50th Vice President of the United States. I look forward to working alongside President Trump to serve the American people.   Let's Make America Great Again!,,@JDVanceNewsX,18000,920,119,86
Polimer News,2025-02-13T14:41:15.000Z,à®•à¯à®Ÿà®¿à®¨à¯€à®°à¯ à®µà®¿à®Ÿà¯à®µà®¤à®¿à®²à¯ à®à®±à¯à®ªà®Ÿà¯à®Ÿ à®¤à®•à®°à®¾à®±à¯.. à®¤à®¿.à®®à¯.à®• à®•à®µà¯à®©à¯à®šà®¿à®²à®°à®¿à®©à¯ à®•à®£à®µà®°à¯à®•à¯à®•à¯ à®…à®°à®¿à®µà®¾à®³à¯ à®µà¯†à®Ÿà¯à®Ÿà¯.. à®¤à®¿à®Ÿà¯€à®°à¯†à®© à®‰à®°à¯à®Ÿà¯à®Ÿà¯ à®•à®Ÿà¯à®Ÿà¯ˆà®•à®³à¯à®Ÿà®©à¯ à®ªà®Ÿà¯ˆà®¯à¯†à®Ÿà¯à®¤à¯à®¤ à®®à®•à¯à®•à®³à®¾à®²à¯ à®ªà®°à®ªà®°à®ªà¯à®ªà¯  #Kallakurichi | #DMKCouncillor | #Husband | #Attack | #Police | #People | #Protest | #PolimerNews,"#Kallakurichi, #DMKCouncillor, #Husband, #Attack, #Police, #People, #Protest, #PolimerNews",@polimernews,27000,404,177,25
Coinvo,2025-02-13T15:15:00.000Z,ALL EYES ON $SOL AS IT'S FINALLY BREAKING OUT!,,@ByCoinvo,24000,474,33,16
Francois Leclerc,2025-02-13T15:19:52.000Z,"BREAKING: ELON MUSK GIVES HUGE DOGE UPDATES TO WORLD GOVERNMENTS!    The bureaucracy is trembling. The global elite are panicking. Why? Because Elon and DOGE are dismantling the bloated, inefficient machine that has been bleeding taxpayers dry for decades!   Key Show more",,@f_leclerc20037,7400,414,230,18
Usha Vance News,2025-02-13T12:37:27.000Z,Usha Vance and Family at the Notre-Dame Cathedral of Paris.   if you see this!,,@UshaVanceNews,12000,843,83,76
Pi News,2025-02-13T10:41:00.000Z,$PI is ranked 3rd on CMC Hot List!,,@PiNewsApp,64000,1300,152,150
New York Post,2025-02-13T14:08:31.000Z,Telemundo reporter Adam Mananzo seen just before death with â€˜Bourbon Street Hustlerâ€™ â€” whoâ€™s also being eyed in another similar death https://trib.al/34aFg6L,,@nypost,46000,187,53,43
Oxomiya Jiyori,2025-02-13T12:36:43.000Z,"BREAKING: A driver plowed a Mini cooper into a crowd in Munich, Germanyâ€”at least 20 injured.   The suspect, a 24-year-old Afghan asylum-seeker, is in custody.  Jihadi Strikes again. 0:22",,@SouleFacts,16000,350,173,24
Nigeria Stories,2025-02-13T15:00:30.000Z,BREAKING NEWS: Nigeria  National Assembly passes 54.9 trillion 2025 budget,,@NigeriaStories,30000,747,104,48
Oxomiya Jiyori,2025-02-13T12:36:43.000Z,"BREAKING: A driver plowed a Mini cooper into a crowd in Munich, Germanyâ€”at least 20 injured.   The suspect, a 24-year-old Afghan asylum-seeker, is in custody.  Jihadi Strikes again. 0:21",,@SouleFacts,16000,350,173,24
